Date,Open,High,Low,Close,Volume
25-Aug-16,13.55,13.60,13.54,13.59,105920
24-Aug-16,13.70,13.70,13.53,13.55,1955974
23-Aug-16,13.75,13.76,13.73,13.74,18365
22-Aug-16,13.73,13.76,13.73,13.73,131094
19-Aug-16,13.76,13.82,13.74,13.82,236818
18-Aug-16,13.92,13.92,13.85,13.85,33298
17-Aug-16,13.77,13.85,13.76,13.82,74423
16-Aug-16,13.73,13.81,13.69,13.80,77833
15-Aug-16,13.61,13.73,13.59,13.73,334130
12-Aug-16,13.66,13.66,13.55,13.57,244571
11-Aug-16,13.75,13.80,13.71,13.76,2150106
10-Aug-16,13.83,13.85,13.71,13.72,180885
9-Aug-16,13.66,13.69,13.64,13.66,109773
8-Aug-16,13.75,13.77,13.71,13.72,76528
5-Aug-16,13.70,13.71,13.64,13.71,67850
4-Aug-16,13.61,13.67,13.59,13.63,391543
3-Aug-16,13.68,13.78,13.64,13.76,152246
2-Aug-16,13.86,13.90,13.71,13.71,687867
1-Aug-16,13.76,13.80,13.66,13.67,531859
29-Jul-16,13.62,13.75,13.58,13.73,111883
28-Jul-16,13.47,13.58,13.45,13.58,1444732
27-Jul-16,13.51,13.52,13.34,13.36,81363
26-Jul-16,13.58,13.61,13.55,13.56,216426
25-Jul-16,13.67,13.67,13.57,13.67,53179
22-Jul-16,13.77,13.78,13.62,13.68,119398
21-Jul-16,13.75,13.83,13.67,13.70,65514
20-Jul-16,13.66,13.74,13.63,13.69,76360
19-Jul-16,13.80,13.81,13.77,13.79,48289
18-Jul-16,13.67,13.76,13.65,13.73,279499
15-Jul-16,13.81,13.89,13.70,13.73,112183
14-Jul-16,13.74,13.78,13.70,13.76,506983
13-Jul-16,13.73,13.74,13.65,13.69,2142302
12-Jul-16,13.60,13.71,13.59,13.68,71879
11-Jul-16,13.46,13.49,13.34,13.36,29240
8-Jul-16,13.35,13.38,13.32,13.36,88835
7-Jul-16,13.33,13.33,13.17,13.20,143287
6-Jul-16,13.21,13.36,13.19,13.35,35497
5-Jul-16,13.74,13.74,13.33,13.40,188957
1-Jul-16,13.49,13.64,13.48,13.58,129125
30-Jun-16,13.34,13.42,13.31,13.42,168126
29-Jun-16,13.20,13.32,13.20,13.31,82500
28-Jun-16,13.14,13.27,13.14,13.24,78455
27-Jun-16,12.88,12.91,12.85,12.89,103140
24-Jun-16,12.89,12.99,12.87,12.96,22731
23-Jun-16,13.10,13.15,13.09,13.15,35594
22-Jun-16,13.10,13.12,13.05,13.07,178746
21-Jun-16,12.88,13.09,12.87,13.06,47125
20-Jun-16,12.84,12.97,12.82,12.97,31183
17-Jun-16,12.80,12.84,12.71,12.74,50546
16-Jun-16,12.77,12.80,12.71,12.80,78022
15-Jun-16,13.02,13.03,12.92,12.92,85452
14-Jun-16,12.85,12.85,12.78,12.80,47070
13-Jun-16,12.89,12.99,12.88,12.95,60225
10-Jun-16,12.87,12.90,12.82,12.87,58719
9-Jun-16,12.79,12.88,12.77,12.86,243556
8-Jun-16,12.98,12.99,12.91,12.96,74326
7-Jun-16,12.68,12.71,12.62,12.69,110675
6-Jun-16,12.85,12.89,12.81,12.82,110563
3-Jun-16,12.76,12.80,12.71,12.74,78176
2-Jun-16,12.66,12.66,12.59,12.61,138061
1-Jun-16,12.43,12.70,12.41,12.68,155169
31-May-16,12.51,12.58,12.49,12.50,104463
27-May-16,12.51,12.54,12.48,12.54,52138
26-May-16,12.49,12.50,12.42,12.42,36812
25-May-16,12.35,12.38,12.30,12.30,95636
24-May-16,12.28,12.37,12.26,12.28,12012
23-May-16,12.26,12.35,12.21,12.27,107564
20-May-16,12.47,12.49,12.33,12.34,125516
19-May-16,12.27,12.35,12.27,12.35,27589
18-May-16,12.38,12.47,12.35,12.37,114490
17-May-16,12.43,12.50,12.39,12.46,65274
16-May-16,12.47,12.53,12.46,12.50,69377
13-May-16,12.43,12.45,12.36,12.43,46940
12-May-16,12.63,12.63,12.33,12.43,2898760
11-May-16,12.62,12.62,12.54,12.54,34153
10-May-16,12.44,12.47,12.39,12.41,28646
9-May-16,12.44,12.49,12.37,12.39,169164
6-May-16,12.66,12.77,12.64,12.67,66807
5-May-16,12.77,12.77,12.62,12.62,111794
4-May-16,12.86,12.90,12.77,12.81,95038
3-May-16,13.04,13.04,12.88,12.89,210192
2-May-16,13.45,13.45,13.09,13.15,60406
29-Apr-16,13.25,13.30,13.18,13.24,283753
28-Apr-16,12.99,13.05,12.96,13.03,56451
27-Apr-16,12.95,12.96,12.81,12.96,309775
26-Apr-16,12.91,12.99,12.91,12.98,58564
25-Apr-16,13.04,13.04,12.94,12.94,24679
22-Apr-16,13.10,13.25,13.04,13.08,86382
21-Apr-16,13.06,13.06,12.85,12.97,303010
20-Apr-16,13.00,13.05,12.98,13.03,46714
19-Apr-16,12.73,12.92,12.73,12.91,75207
18-Apr-16,12.70,12.70,12.65,12.67,26890
15-Apr-16,12.56,12.60,12.51,12.59,17425
14-Apr-16,12.62,12.62,12.54,12.58,34295
13-Apr-16,12.65,12.68,12.60,12.60,140058
12-Apr-16,12.26,12.49,12.26,12.44,31505
11-Apr-16,12.11,12.11,12.04,12.04,75092
8-Apr-16,12.15,12.17,12.09,12.10,31555
7-Apr-16,12.11,12.12,12.01,12.02,52518
6-Apr-16,12.26,12.34,12.24,12.29,24253
5-Apr-16,12.38,12.38,12.33,12.36,32778
4-Apr-16,12.55,12.56,12.46,12.47,195558
1-Apr-16,12.45,12.61,12.45,12.56,155466
31-Mar-16,12.35,12.43,12.34,12.42,72008
30-Mar-16,12.31,12.39,12.29,12.31,8352
29-Mar-16,12.31,12.34,12.26,12.32,56827
28-Mar-16,12.48,12.48,12.30,12.37,75559
24-Mar-16,12.28,12.35,12.28,12.34,47734
23-Mar-16,12.48,12.49,12.44,12.45,78165
22-Mar-16,12.64,12.70,12.64,12.68,44686
21-Mar-16,12.68,12.76,12.65,12.72,39885
18-Mar-16,12.67,12.70,12.57,12.69,70139
17-Mar-16,12.55,12.69,12.49,12.68,31910
16-Mar-16,12.29,12.48,12.29,12.46,106678
15-Mar-16,12.38,12.38,12.29,12.33,74593
14-Mar-16,12.56,12.56,12.43,12.46,40359
11-Mar-16,12.56,12.60,12.55,12.57,13220
10-Mar-16,12.51,12.51,12.39,12.44,101891
9-Mar-16,12.52,12.65,12.52,12.59,118514
8-Mar-16,12.58,12.59,12.37,12.42,28161
7-Mar-16,12.67,12.75,12.67,12.72,61052
4-Mar-16,12.62,12.84,12.62,12.73,118732
3-Mar-16,12.61,12.67,12.59,12.66,92020
2-Mar-16,12.45,12.64,12.42,12.59,271869
1-Mar-16,12.30,12.40,12.26,12.40,289819
29-Feb-16,12.33,12.35,12.27,12.31,109703
26-Feb-16,12.36,12.36,12.22,12.25,41541
25-Feb-16,12.21,12.22,12.08,12.13,94332
24-Feb-16,12.10,12.36,12.10,12.36,110302
23-Feb-16,12.19,12.21,12.10,12.12,36760
22-Feb-16,12.26,12.36,12.26,12.35,264548
19-Feb-16,12.00,12.15,12.00,12.14,93720
18-Feb-16,11.89,11.95,11.86,11.94,12346
17-Feb-16,11.80,11.86,11.76,11.86,28922
16-Feb-16,11.93,11.93,11.80,11.84,31179
12-Feb-16,11.79,11.85,11.78,11.82,46728
11-Feb-16,11.81,11.84,11.71,11.73,17334
10-Feb-16,11.81,11.82,11.69,11.74,25550
9-Feb-16,11.74,11.80,11.60,11.72,48525
8-Feb-16,12.02,12.02,11.70,11.98,31097
5-Feb-16,11.90,11.96,11.79,11.81,72665
4-Feb-16,12.13,12.14,12.02,12.05,364547
3-Feb-16,11.89,11.96,11.84,11.96,56345
2-Feb-16,11.79,11.82,11.70,11.73,867053
1-Feb-16,11.66,11.79,11.66,11.77,127015
29-Jan-16,11.68,11.73,11.68,11.71,14322
28-Jan-16,11.67,11.67,11.54,11.57,166744
27-Jan-16,11.64,11.75,11.60,11.71,30813
26-Jan-16,11.43,11.57,11.43,11.56,27509
25-Jan-16,11.28,11.30,11.23,11.25,29103
22-Jan-16,11.36,11.41,11.27,11.27,43081
21-Jan-16,11.14,11.28,11.14,11.24,38375
20-Jan-16,11.14,11.21,11.08,11.18,90489
19-Jan-16,11.32,11.33,11.15,11.18,189569
15-Jan-16,11.08,11.12,11.04,11.07,528001
14-Jan-16,11.13,11.26,11.13,11.23,36453
13-Jan-16,11.14,11.14,11.07,11.08,31537
12-Jan-16,11.11,11.11,11.00,11.00,30432
11-Jan-16,11.22,11.22,11.07,11.11,205167
8-Jan-16,11.39,11.41,11.33,11.34,21049
7-Jan-16,11.16,11.41,11.12,11.27,133662
6-Jan-16,11.48,11.54,11.45,11.51,125615
5-Jan-16,11.65,11.65,11.56,11.61,123785
4-Jan-16,11.66,11.66,11.55,11.59,44057
31-Dec-15,11.84,11.94,11.82,11.88,109633
30-Dec-15,11.90,12.00,11.90,12.00,107857
29-Dec-15,11.90,12.00,11.86,11.86,167607
28-Dec-15,11.65,11.67,11.59,11.62,75754
24-Dec-15,11.76,11.82,11.76,11.82,20785
23-Dec-15,11.71,11.83,11.69,11.82,81619
22-Dec-15,11.67,11.69,11.60,11.62,138396
21-Dec-15,11.70,11.76,11.70,11.72,96250
18-Dec-15,11.54,11.62,11.54,11.61,75746
17-Dec-15,11.40,11.40,11.33,11.34,2675277
16-Dec-15,11.43,11.55,11.43,11.51,73586
15-Dec-15,11.53,11.53,11.39,11.39,64469
14-Dec-15,11.64,11.68,11.62,11.64,214238
11-Dec-15,11.62,11.74,11.62,11.63,47847
10-Dec-15,11.47,11.55,11.45,11.51,41061
9-Dec-15,11.62,11.64,11.51,11.52,38501
8-Dec-15,11.45,11.52,11.42,11.46,42270
7-Dec-15,11.67,11.70,11.43,11.46,159314
4-Dec-15,11.68,11.74,11.67,11.67,41804
3-Dec-15,11.52,11.52,11.42,11.49,155507
2-Dec-15,11.62,11.67,11.52,11.54,96418
1-Dec-15,11.53,11.69,11.53,11.66,43928
30-Nov-15,11.51,11.57,11.48,11.51,146551
27-Nov-15,11.60,11.63,11.50,11.50,19645
25-Nov-15,11.58,11.67,11.53,11.57,36622
24-Nov-15,11.51,11.66,11.51,11.64,89459
23-Nov-15,11.31,11.42,11.29,11.35,43360
20-Nov-15,11.77,11.82,11.44,11.46,354374
19-Nov-15,11.42,11.57,11.42,11.54,162182
18-Nov-15,11.56,11.56,11.50,11.51,119966
17-Nov-15,11.75,11.75,11.57,11.58,77373
16-Nov-15,11.81,11.82,11.73,11.77,94414
13-Nov-15,11.92,12.00,11.92,11.97,49910
12-Nov-15,11.99,12.03,11.94,11.95,61937
11-Nov-15,12.03,12.18,12.00,12.14,67860
10-Nov-15,11.98,12.10,11.94,12.07,132085
9-Nov-15,12.25,12.30,12.15,12.16,52149
6-Nov-15,12.27,12.35,12.26,12.30,36616
5-Nov-15,12.27,12.30,12.24,12.27,111277
4-Nov-15,12.53,12.55,12.39,12.42,235568
3-Nov-15,12.37,12.52,12.37,12.49,331714
2-Nov-15,12.37,12.42,12.35,12.39,60276
30-Oct-15,12.44,12.45,12.35,12.42,23751
29-Oct-15,12.46,12.53,12.41,12.42,36615
28-Oct-15,12.53,12.70,12.51,12.62,112414
27-Oct-15,12.67,12.68,12.61,12.62,45835
26-Oct-15,12.69,12.69,12.59,12.61,42267
23-Oct-15,12.76,12.76,12.65,12.70,20465
22-Oct-15,12.81,12.90,12.69,12.71,288115
21-Oct-15,12.67,12.71,12.60,12.66,66051
20-Oct-15,12.84,12.92,12.83,12.87,80064
19-Oct-15,12.92,12.95,12.88,12.90,159426
16-Oct-15,13.13,13.13,13.04,13.08,21185
15-Oct-15,13.17,13.23,13.13,13.21,14825
14-Oct-15,13.17,13.25,13.11,13.21,119318
13-Oct-15,13.11,13.19,13.10,13.10,52604
12-Oct-15,13.39,13.42,13.21,13.25,85808
9-Oct-15,13.27,13.39,13.23,13.33,1494842
8-Oct-15,12.62,12.70,12.59,12.70,218302
7-Oct-15,12.86,12.94,12.76,12.79,46212
6-Oct-15,12.69,12.69,12.60,12.61,31091
5-Oct-15,12.71,12.77,12.63,12.64,69354
2-Oct-15,12.50,12.75,12.47,12.73,104391
1-Oct-15,12.84,12.84,12.60,12.61,35744
30-Sep-15,12.64,12.77,12.64,12.71,37413
29-Sep-15,12.44,12.53,12.44,12.50,33341
28-Sep-15,12.33,12.40,12.30,12.38,43034
25-Sep-15,12.55,12.55,12.45,12.45,55807
24-Sep-15,12.58,12.68,12.58,12.66,31491
23-Sep-15,12.67,12.68,12.53,12.54,99010
22-Sep-15,12.60,12.60,12.55,12.56,21151
21-Sep-15,12.95,12.95,12.85,12.86,161398
18-Sep-15,13.06,13.06,12.90,12.90,36742
17-Sep-15,13.21,13.34,13.19,13.23,54420
16-Sep-15,13.12,13.27,13.12,13.21,8918
15-Sep-15,13.07,13.15,13.07,13.14,41464
14-Sep-15,13.25,13.25,13.11,13.12,33879
11-Sep-15,13.35,13.48,13.34,13.48,261159
10-Sep-15,13.43,13.45,13.38,13.42,30955
9-Sep-15,13.51,13.53,13.30,13.31,56235
8-Sep-15,13.27,13.42,13.26,13.39,193962
4-Sep-15,13.09,13.10,13.01,13.04,20097
3-Sep-15,13.30,13.41,13.24,13.26,41431
2-Sep-15,13.13,13.16,13.06,13.13,184059
1-Sep-15,13.11,13.14,12.98,13.00,282641
31-Aug-15,13.14,13.18,12.98,13.13,839287
28-Aug-15,13.05,13.28,13.05,13.18,102562
27-Aug-15,12.73,12.94,12.73,12.82,42283
26-Aug-15,12.58,12.58,12.42,12.51,61348
25-Aug-15,12.59,12.80,12.59,12.70,109671
24-Aug-15,12.38,12.50,12.38,12.51,50239
21-Aug-15,12.83,12.85,12.80,12.80,48426
20-Aug-15,13.06,13.10,13.00,13.03,87766
19-Aug-15,12.85,12.88,12.82,12.85,184365
18-Aug-15,12.84,12.86,12.76,12.79,73539
17-Aug-15,12.98,13.03,12.98,12.99,146853
14-Aug-15,13.18,13.19,13.09,13.11,45655
13-Aug-15,13.12,13.18,13.10,13.13,33322
12-Aug-15,13.12,13.22,13.12,13.18,24719
11-Aug-15,13.13,13.13,13.08,13.10,18504
10-Aug-15,13.37,13.58,13.37,13.47,216978
7-Aug-15,13.29,13.34,13.23,13.23,48589
6-Aug-15,13.29,13.32,13.28,13.31,23973
5-Aug-15,13.43,13.48,13.37,13.39,71249
4-Aug-15,13.53,13.58,13.48,13.48,96147
3-Aug-15,13.40,13.46,13.39,13.43,411391
31-Jul-15,13.68,13.68,13.47,13.47,795542
30-Jul-15,13.71,13.72,13.67,13.68,12191
29-Jul-15,13.85,13.87,13.78,13.83,34861
28-Jul-15,13.87,13.90,13.83,13.89,48338
27-Jul-15,13.63,13.68,13.58,13.59,29583
24-Jul-15,13.72,13.76,13.69,13.75,41803
23-Jul-15,13.93,13.96,13.67,13.71,84486
22-Jul-15,13.96,13.97,13.91,13.94,59834
21-Jul-15,14.17,14.21,14.12,14.13,31817
20-Jul-15,14.25,14.28,14.21,14.21,30585
17-Jul-15,14.40,14.40,14.30,14.33,39285
16-Jul-15,14.43,14.48,14.41,14.42,26955
15-Jul-15,14.48,14.52,14.41,14.45,161998
14-Jul-15,14.31,14.43,14.30,14.43,55228
13-Jul-15,14.36,14.46,14.36,14.43,42614
10-Jul-15,14.25,14.31,14.21,14.28,137510
9-Jul-15,14.32,14.37,14.27,14.33,15060
8-Jul-15,14.03,14.13,14.00,14.03,61466
7-Jul-15,14.04,14.06,13.77,13.99,178157
6-Jul-15,14.20,14.32,14.19,14.29,88143
2-Jul-15,14.65,14.66,14.55,14.55,31834
1-Jul-15,14.53,14.66,14.52,14.63,174246
30-Jun-15,14.34,14.42,14.28,14.39,754897
29-Jun-15,14.44,14.51,14.42,14.47,48997
26-Jun-15,14.56,14.58,14.50,14.55,19722
25-Jun-15,14.55,14.60,14.51,14.58,97677
24-Jun-15,14.70,14.70,14.53,14.56,31213
23-Jun-15,14.57,14.68,14.57,14.62,37710
22-Jun-15,14.42,14.47,14.38,14.45,38865
19-Jun-15,14.47,14.49,14.44,14.48,48713
18-Jun-15,14.67,14.68,14.59,14.59,102343
17-Jun-15,14.72,14.72,14.62,14.68,183941
16-Jun-15,14.73,14.73,14.65,14.68,1711122
15-Jun-15,14.80,14.83,14.76,14.79,62870
12-Jun-15,14.96,15.00,14.95,14.99,30441
11-Jun-15,15.05,15.05,14.91,14.99,24413
10-Jun-15,15.30,15.30,15.16,15.17,56968
9-Jun-15,15.21,15.27,15.12,15.12,154281
8-Jun-15,15.07,15.10,15.05,15.08,42719
5-Jun-15,14.95,15.09,14.95,15.07,65044
4-Jun-15,15.11,15.11,15.00,15.02,229637
3-Jun-15,15.21,15.27,15.19,15.22,34928
2-Jun-15,15.26,15.27,15.17,15.18,2403442
1-Jun-15,15.21,15.25,15.16,15.18,120959
29-May-15,15.35,15.35,15.22,15.23,86020
28-May-15,15.46,15.53,15.42,15.52,213251
27-May-15,15.27,15.38,15.25,15.28,108629
26-May-15,15.36,15.41,15.31,15.31,785621
22-May-15,15.43,15.47,15.38,15.40,85593
21-May-15,15.60,15.65,15.56,15.59,22320
20-May-15,15.60,15.62,15.53,15.55,46311
19-May-15,15.77,15.77,15.61,15.65,94196
18-May-15,16.05,16.05,15.95,15.98,462929
15-May-15,16.08,16.15,16.05,16.13,70807
14-May-15,16.34,16.35,16.19,16.19,446498
13-May-15,16.48,16.49,16.29,16.37,2257439
12-May-15,16.31,16.42,16.28,16.41,364314
11-May-15,16.29,16.30,16.20,16.22,72449
8-May-15,16.43,16.46,16.30,16.36,150183
7-May-15,16.43,16.45,16.36,16.43,50232
6-May-15,16.56,16.59,16.41,16.51,774821
5-May-15,16.57,16.78,16.56,16.71,2263543
4-May-15,16.54,16.54,16.36,16.42,50495
1-May-15,16.41,16.49,16.39,16.44,110077
30-Apr-15,16.13,16.41,16.13,16.39,123203
29-Apr-15,15.97,16.05,15.97,16.01,125584
28-Apr-15,15.94,16.00,15.92,15.97,133864
27-Apr-15,15.81,15.92,15.79,15.88,121218
24-Apr-15,15.60,15.69,15.60,15.63,39369
23-Apr-15,15.38,15.46,15.34,15.42,447466
22-Apr-15,15.53,15.55,15.45,15.48,54726
21-Apr-15,15.42,15.53,15.41,15.51,25296
20-Apr-15,15.50,15.54,15.43,15.43,33565
17-Apr-15,15.66,15.71,15.57,15.67,35937
16-Apr-15,15.70,15.74,15.61,15.62,167647
15-Apr-15,15.40,15.54,15.40,15.53,40183
14-Apr-15,15.26,15.39,15.25,15.38,23326
13-Apr-15,15.45,15.49,15.33,15.38,29711
10-Apr-15,15.45,15.50,15.39,15.40,61074
9-Apr-15,15.33,15.36,15.29,15.30,35707
8-Apr-15,15.32,15.32,15.25,15.27,16671
7-Apr-15,15.37,15.42,15.31,15.32,203706
6-Apr-15,15.22,15.25,15.12,15.17,39933
2-Apr-15,15.21,15.28,15.21,15.25,218474
1-Apr-15,15.13,15.24,15.10,15.21,117111
31-Mar-15,15.25,15.32,15.16,15.16,621319
30-Mar-15,15.31,15.39,15.31,15.38,38561
27-Mar-15,15.26,15.26,15.18,15.23,25037
26-Mar-15,15.43,15.46,15.32,15.34,49817
25-Mar-15,15.30,15.30,15.23,15.23,48050
24-Mar-15,15.32,15.37,15.23,15.32,64533
23-Mar-15,15.24,15.83,15.24,15.72,117460
20-Mar-15,15.07,15.30,15.02,15.19,54734
19-Mar-15,14.81,14.93,14.79,14.89,67539
18-Mar-15,14.73,14.92,14.58,14.92,2315052
17-Mar-15,14.80,14.89,14.76,14.86,17173
16-Mar-15,14.83,14.89,14.82,14.83,55911
13-Mar-15,14.80,14.87,14.76,14.86,51597
12-Mar-15,14.79,14.82,14.73,14.78,26160
11-Mar-15,14.80,14.80,14.64,14.65,59439
10-Mar-15,14.56,14.84,14.56,14.77,41725
9-Mar-15,14.92,14.99,14.86,14.98,17227
6-Mar-15,14.83,14.88,14.73,14.73,83803
5-Mar-15,15.09,15.09,14.91,14.93,99710
4-Mar-15,15.04,15.04,14.89,14.97,495741
3-Mar-15,15.00,15.00,14.93,14.98,385194
2-Mar-15,15.17,15.19,15.10,15.11,709902
27-Feb-15,15.14,15.15,15.07,15.12,33817
26-Feb-15,15.33,15.33,15.11,15.13,54307
25-Feb-15,15.13,15.18,15.01,15.09,57281
24-Feb-15,14.98,15.18,14.98,15.06,29682
23-Feb-15,14.85,14.87,14.79,14.84,69987
20-Feb-15,14.93,14.96,14.84,14.89,38317
19-Feb-15,15.03,15.06,14.93,15.03,56203
18-Feb-15,15.16,15.22,15.05,15.08,34406
17-Feb-15,14.99,15.21,14.98,15.17,89685
13-Feb-15,15.35,15.35,15.26,15.26,62122
12-Feb-15,15.23,15.29,15.20,15.26,69484
11-Feb-15,15.14,15.14,14.98,15.01,45658
10-Feb-15,15.20,15.20,15.05,15.12,262025
9-Feb-15,15.35,15.42,15.31,15.32,39380
6-Feb-15,15.29,15.41,15.27,15.41,793182
5-Feb-15,15.20,15.39,15.20,15.34,62677
4-Feb-15,15.33,15.39,15.26,15.31,134479
3-Feb-15,15.33,15.46,15.33,15.37,1895101
2-Feb-15,15.12,15.19,15.08,15.16,236115
30-Jan-15,14.89,15.17,14.88,15.09,655186
29-Jan-15,14.87,14.90,14.77,14.79,73255
28-Jan-15,14.97,15.09,14.88,14.88,33142
27-Jan-15,15.02,15.11,14.93,15.00,36119
26-Jan-15,15.07,15.26,15.07,15.23,38854
23-Jan-15,15.03,15.06,14.91,14.91,66140
22-Jan-15,15.28,15.34,15.26,15.33,125183
21-Jan-15,15.21,15.41,15.21,15.32,87849
20-Jan-15,15.16,15.22,15.08,15.17,215722
16-Jan-15,14.98,15.28,14.98,15.27,112918
15-Jan-15,14.84,14.92,14.80,14.89,121085
14-Jan-15,14.63,14.83,14.55,14.75,124930
13-Jan-15,15.21,15.21,14.86,14.93,75215
12-Jan-15,15.47,15.50,15.43,15.47,927537
9-Jan-15,15.69,15.69,15.55,15.56,424314
8-Jan-15,15.65,15.74,15.56,15.70,40847
7-Jan-15,15.62,15.62,15.48,15.54,367278
6-Jan-15,15.74,15.74,15.59,15.59,606051
5-Jan-15,15.85,15.85,15.73,15.76,87392
2-Jan-15,15.98,16.04,15.87,15.92,52050
31-Dec-14,15.97,15.98,15.86,15.90,216861
30-Dec-14,15.97,16.05,15.97,16.03,101957
29-Dec-14,15.97,15.97,15.83,15.83,228386
26-Dec-14,16.04,16.04,15.75,15.83,29854
24-Dec-14,16.00,16.00,15.95,15.95,40631
23-Dec-14,16.07,16.07,16.00,16.01,64233
22-Dec-14,16.21,16.23,16.06,16.09,81329
19-Dec-14,16.21,16.23,16.15,16.22,190082
18-Dec-14,16.09,16.09,15.99,16.04,234296
17-Dec-14,16.00,16.16,15.92,16.13,318115
16-Dec-14,16.13,16.14,16.04,16.08,467322
15-Dec-14,16.53,16.53,16.22,16.23,237553
12-Dec-14,16.44,16.48,16.40,16.43,157795
11-Dec-14,16.39,16.45,16.38,16.39,525888
10-Dec-14,16.49,16.52,16.38,16.39,50347
9-Dec-14,16.45,16.66,16.44,16.60,79598
8-Dec-14,16.58,16.62,16.47,16.47,104783
5-Dec-14,16.66,16.66,16.58,16.59,81630
4-Dec-14,16.57,16.67,16.56,16.62,77998
3-Dec-14,16.39,16.51,16.31,16.43,121867
2-Dec-14,16.59,16.60,16.45,16.51,936228
1-Dec-14,16.32,16.78,16.27,16.73,143236
28-Nov-14,16.65,16.65,16.52,16.53,93205
26-Nov-14,17.01,17.02,16.99,16.99,217555
25-Nov-14,17.17,17.17,16.95,17.00,74909
24-Nov-14,17.22,17.24,17.05,17.09,121788
21-Nov-14,17.23,17.30,17.14,17.17,49336
20-Nov-14,16.90,16.98,16.90,16.96,274229
19-Nov-14,16.96,17.02,16.93,16.95,92487
18-Nov-14,16.86,16.89,16.80,16.88,50021
17-Nov-14,16.98,17.05,16.98,17.00,67145
14-Nov-14,16.88,17.04,16.87,17.02,63229
13-Nov-14,17.03,17.10,16.87,16.89,23398
12-Nov-14,17.15,17.23,17.09,17.11,238073
11-Nov-14,16.95,17.15,16.93,17.09,114684
10-Nov-14,17.18,17.19,16.98,17.00,466206
7-Nov-14,17.15,17.19,17.07,17.07,252798
6-Nov-14,17.07,17.12,17.03,17.07,89161
5-Nov-14,17.03,17.10,16.58,17.06,129074
4-Nov-14,17.11,17.16,17.04,17.12,1475194
3-Nov-14,17.32,17.41,17.27,17.37,94096
31-Oct-14,17.26,17.32,17.20,17.23,58981
30-Oct-14,17.06,17.24,17.05,17.20,188511
29-Oct-14,17.13,17.31,17.13,17.22,102316
28-Oct-14,17.06,17.07,17.01,17.06,449898
27-Oct-14,16.81,16.99,16.81,16.96,199338
24-Oct-14,16.94,16.94,16.85,16.87,218379
23-Oct-14,16.93,16.99,16.89,16.92,101428
22-Oct-14,16.85,16.95,16.85,16.90,186246
21-Oct-14,16.72,16.79,16.68,16.79,257447
20-Oct-14,16.66,16.67,16.54,16.57,153897
17-Oct-14,16.72,16.82,16.68,16.77,183136
16-Oct-14,16.48,16.65,16.44,16.65,236328
15-Oct-14,16.91,16.98,16.61,16.67,958172
14-Oct-14,17.07,17.21,17.07,17.13,47846
13-Oct-14,16.99,17.09,16.98,17.04,166143
10-Oct-14,16.90,17.02,16.89,16.99,106374
9-Oct-14,17.09,17.17,16.99,17.05,258574
8-Oct-14,17.04,17.09,16.90,17.04,2067418
7-Oct-14,16.97,17.08,16.92,17.07,83624
6-Oct-14,16.86,16.98,16.86,16.92,507786
3-Oct-14,16.80,16.80,16.70,16.76,83892
2-Oct-14,16.75,16.75,16.60,16.68,289257
1-Oct-14,16.89,16.89,16.77,16.83,432547
30-Sep-14,17.06,17.09,16.89,16.91,80118
29-Sep-14,16.94,17.06,16.94,17.03,356859
26-Sep-14,17.00,17.02,16.94,16.95,38598
25-Sep-14,16.98,16.99,16.93,16.96,73344
24-Sep-14,16.96,17.12,16.96,17.11,145151
23-Sep-14,16.97,17.06,16.95,16.97,151962
22-Sep-14,16.95,16.99,16.90,16.98,168524
19-Sep-14,17.17,17.18,17.06,17.14,84562
18-Sep-14,17.12,17.18,17.09,17.13,301785
17-Sep-14,17.33,17.33,17.17,17.18,463913
16-Sep-14,17.15,17.53,17.11,17.49,630798
15-Sep-14,17.19,17.19,17.11,17.13,148731
12-Sep-14,17.40,17.44,17.33,17.40,941227
11-Sep-14,17.34,17.39,17.32,17.35,119439
10-Sep-14,17.54,17.56,17.50,17.52,104159
9-Sep-14,17.60,17.63,17.46,17.54,175548
8-Sep-14,18.07,18.14,17.96,18.04,179298
5-Sep-14,17.99,18.01,17.91,17.97,99399
4-Sep-14,18.01,18.04,17.93,17.99,115564
3-Sep-14,17.86,17.88,17.76,17.79,776979
2-Sep-14,17.93,18.02,17.92,17.93,1456585
29-Aug-14,17.95,17.95,17.82,17.82,136336
28-Aug-14,17.77,17.77,17.67,17.75,43791
27-Aug-14,17.83,17.89,17.80,17.87,25751
26-Aug-14,17.96,17.97,17.85,17.85,39393
25-Aug-14,17.87,17.91,17.86,17.88,52675
22-Aug-14,17.81,17.86,17.79,17.83,89178
21-Aug-14,17.80,17.90,17.77,17.80,33676
20-Aug-14,17.70,17.86,17.70,17.86,80273
19-Aug-14,17.50,17.52,17.41,17.45,90649
18-Aug-14,17.28,17.39,17.27,17.35,163984
15-Aug-14,17.15,17.29,17.15,17.26,73116
14-Aug-14,17.35,17.37,17.17,17.19,117719
13-Aug-14,17.45,17.47,17.36,17.37,98461
12-Aug-14,17.64,17.68,17.59,17.61,145681
11-Aug-14,17.59,17.59,17.54,17.56,68378
8-Aug-14,17.50,17.52,17.44,17.51,224855
7-Aug-14,17.61,17.65,17.55,17.56,44369
6-Aug-14,17.65,17.73,17.57,17.64,153743
5-Aug-14,17.78,17.82,17.70,17.70,2438420
4-Aug-14,17.85,18.02,17.84,18.01,433259
1-Aug-14,17.72,17.72,17.57,17.61,170849
31-Jul-14,17.90,17.90,17.69,17.73,104713
30-Jul-14,17.74,17.91,17.71,17.90,152983
29-Jul-14,17.79,17.79,17.62,17.64,306337
28-Jul-14,17.95,18.03,17.89,18.02,1357126
25-Jul-14,18.02,18.07,17.85,17.87,51703
24-Jul-14,17.89,18.03,17.77,17.97,97475
23-Jul-14,17.74,17.82,17.73,17.78,119523
22-Jul-14,17.87,17.95,17.82,17.89,350879
21-Jul-14,17.61,17.73,17.58,17.70,101159
18-Jul-14,17.37,17.46,17.34,17.45,46008
17-Jul-14,17.54,17.57,17.50,17.57,91165
16-Jul-14,17.51,17.63,17.41,17.45,326159
15-Jul-14,17.49,17.57,17.46,17.47,47730
14-Jul-14,17.49,17.49,17.41,17.45,81148
11-Jul-14,17.35,17.50,17.32,17.48,203531
10-Jul-14,17.26,17.38,17.20,17.35,1126549
9-Jul-14,17.46,17.52,17.26,17.29,544003
8-Jul-14,17.46,17.52,17.37,17.40,72316
7-Jul-14,17.28,17.33,17.26,17.32,125067
3-Jul-14,17.28,17.35,17.23,17.28,498345
2-Jul-14,16.98,17.30,16.98,17.27,752332
1-Jul-14,16.92,16.92,16.82,16.84,1844576
30-Jun-14,16.82,17.04,16.82,16.98,398051
27-Jun-14,16.85,16.87,16.77,16.81,100685
26-Jun-14,16.79,16.87,16.72,16.85,93315
25-Jun-14,16.75,16.82,16.71,16.80,64859
24-Jun-14,16.77,16.80,16.74,16.76,46178
23-Jun-14,16.80,16.89,16.76,16.77,797564
20-Jun-14,16.65,16.72,16.62,16.70,119529
19-Jun-14,16.53,16.58,16.49,16.56,26086
18-Jun-14,16.40,16.46,16.40,16.45,43992
17-Jun-14,16.35,16.38,16.24,16.33,58568
16-Jun-14,16.23,16.29,16.21,16.27,38281
13-Jun-14,16.15,16.20,16.11,16.14,139751
12-Jun-14,16.35,16.35,16.08,16.08,38746
11-Jun-14,16.45,16.48,16.16,16.31,74342
10-Jun-14,16.46,16.52,16.44,16.50,73961
9-Jun-14,16.50,16.59,16.48,16.57,70426
6-Jun-14,16.21,16.40,16.19,16.38,30239
5-Jun-14,16.30,16.33,16.26,16.30,282259
4-Jun-14,16.20,16.30,16.17,16.26,497966
3-Jun-14,16.39,16.48,16.38,16.43,602228
2-Jun-14,16.41,16.50,16.40,16.49,1205926
30-May-14,16.34,16.35,16.23,16.27,857158
29-May-14,16.31,16.37,16.24,16.34,68130
28-May-14,16.37,16.42,16.33,16.37,68335
27-May-14,16.40,16.43,16.35,16.35,140390
23-May-14,16.34,16.39,16.32,16.33,97684
22-May-14,16.22,16.24,16.17,16.18,31088
21-May-14,15.99,16.07,15.95,16.06,50107
20-May-14,16.08,16.12,16.04,16.10,54756
19-May-14,16.18,16.21,16.16,16.16,129780
16-May-14,16.13,16.16,16.02,16.08,254811
15-May-14,16.23,16.23,16.04,16.05,3682998
14-May-14,16.27,16.38,16.24,16.35,80830
13-May-14,16.21,16.21,16.11,16.14,48973
12-May-14,16.16,16.23,16.15,16.23,114028
9-May-14,15.90,15.95,15.88,15.89,59280
8-May-14,15.87,15.93,15.86,15.92,33548
7-May-14,15.89,15.97,15.84,15.88,271452
6-May-14,15.98,16.03,15.97,15.97,63559
5-May-14,16.00,16.00,15.90,15.95,78962
2-May-14,15.83,16.04,15.83,16.04,226139
1-May-14,15.82,15.92,15.82,15.87,85947
30-Apr-14,16.13,16.14,15.95,15.99,181216
29-Apr-14,16.15,16.17,16.10,16.16,79864
28-Apr-14,16.20,16.31,16.19,16.22,26105
25-Apr-14,16.32,16.34,16.24,16.28,41146
24-Apr-14,16.40,16.45,16.34,16.37,38049
23-Apr-14,16.24,16.32,16.20,16.24,60457
22-Apr-14,16.33,16.41,16.31,16.37,65182
21-Apr-14,16.19,16.26,16.18,16.24,61572
17-Apr-14,16.18,16.27,16.18,16.24,57361
16-Apr-14,16.25,16.30,16.20,16.21,40813
15-Apr-14,16.10,16.12,16.04,16.08,46425
14-Apr-14,16.26,16.29,16.21,16.24,35606
11-Apr-14,16.22,16.24,16.12,16.17,49565
10-Apr-14,16.19,16.26,16.18,16.23,40787
9-Apr-14,15.97,16.19,15.96,16.13,138946
8-Apr-14,15.95,16.07,15.94,16.06,61794
7-Apr-14,15.93,16.05,15.75,15.94,43696
4-Apr-14,16.11,16.11,15.93,15.96,35695
3-Apr-14,15.90,15.99,15.90,15.95,39908
2-Apr-14,16.00,16.03,15.87,15.87,626779
1-Apr-14,15.79,15.89,15.79,15.88,26739
31-Mar-14,15.87,15.94,15.84,15.87,68067
28-Mar-14,15.78,15.84,15.74,15.78,164021
27-Mar-14,15.55,15.60,15.54,15.59,39403
26-Mar-14,15.61,15.65,15.47,15.51,71317
25-Mar-14,15.64,15.77,15.64,15.66,75012
24-Mar-14,15.49,15.79,15.40,15.42,58408
21-Mar-14,15.42,15.45,15.36,15.39,37078
20-Mar-14,15.42,15.45,15.33,15.37,44829
19-Mar-14,15.34,15.66,15.27,15.58,66512
18-Mar-14,15.47,15.57,15.46,15.54,65899
17-Mar-14,15.50,15.54,15.45,15.47,64923
14-Mar-14,15.58,15.58,15.46,15.52,139479
13-Mar-14,15.57,15.60,15.44,15.47,99569
12-Mar-14,15.67,15.73,15.58,15.61,80412
11-Mar-14,16.05,16.05,15.60,15.61,269212
10-Mar-14,15.96,16.05,15.92,16.01,92333
7-Mar-14,16.22,16.22,16.09,16.11,714703
6-Mar-14,16.48,16.59,16.48,16.56,63673
5-Mar-14,16.49,16.54,16.44,16.48,44564
4-Mar-14,16.37,16.51,16.35,16.46,49166
3-Mar-14,16.13,16.19,16.10,16.18,148976
28-Feb-14,16.39,16.39,16.26,16.28,33360
27-Feb-14,16.31,16.41,16.27,16.36,53744
26-Feb-14,16.39,16.44,16.25,16.26,84888
25-Feb-14,16.27,16.37,16.23,16.34,195502
24-Feb-14,16.24,16.35,16.19,16.33,56725
21-Feb-14,16.46,16.49,16.37,16.37,24823
20-Feb-14,16.39,16.45,16.36,16.44,194649
19-Feb-14,16.43,16.56,16.41,16.46,229852
18-Feb-14,16.40,16.52,16.40,16.47,193406
14-Feb-14,16.37,16.37,16.29,16.32,197630
13-Feb-14,16.11,16.35,16.11,16.29,5379564
12-Feb-14,16.18,16.27,16.17,16.20,69734
11-Feb-14,16.03,16.12,16.02,16.09,61184
10-Feb-14,16.30,16.30,16.03,16.07,291247
7-Feb-14,16.14,16.41,16.09,16.23,839528
6-Feb-14,15.98,16.14,15.98,15.98,461001
5-Feb-14,15.93,16.00,15.89,15.90,456355
4-Feb-14,15.79,15.89,15.79,15.84,644012
3-Feb-14,15.91,15.94,15.73,15.75,1084794
31-Jan-14,15.95,16.04,15.90,15.90,148791
30-Jan-14,16.15,16.18,16.08,16.14,22792
29-Jan-14,16.21,16.26,16.16,16.23,20665
28-Jan-14,16.35,16.42,16.28,16.29,76888
27-Jan-14,16.37,16.37,16.30,16.30,50189
24-Jan-14,16.47,16.47,16.35,16.35,76993
23-Jan-14,16.61,16.72,16.43,16.43,77035
22-Jan-14,16.79,16.79,16.68,16.71,267249
21-Jan-14,16.71,16.86,16.69,16.84,89551
17-Jan-14,16.78,16.87,16.74,16.82,258461
16-Jan-14,16.69,16.83,16.66,16.73,916202
15-Jan-14,16.49,16.74,16.49,16.68,39741
14-Jan-14,16.66,16.67,16.58,16.58,50042
13-Jan-14,16.52,16.70,16.51,16.64,58711
10-Jan-14,16.25,16.59,16.25,16.56,40609
9-Jan-14,16.51,16.51,16.34,16.34,157310
8-Jan-14,16.68,16.68,16.56,16.61,60916
7-Jan-14,16.66,16.70,16.59,16.67,886373
6-Jan-14,16.62,16.66,16.51,16.61,225478
3-Jan-14,16.67,16.67,16.55,16.60,77387
2-Jan-14,16.86,16.93,16.81,16.84,456794
31-Dec-13,16.52,16.94,16.46,16.86,151371
30-Dec-13,16.95,16.95,16.85,16.89,54219
27-Dec-13,16.85,16.95,16.83,16.91,141799
26-Dec-13,16.76,16.92,16.66,16.67,62836
24-Dec-13,16.59,16.79,16.56,16.75,60703
23-Dec-13,16.52,16.61,16.48,16.48,75885
20-Dec-13,16.36,16.63,16.36,16.51,122858
19-Dec-13,16.39,16.40,16.33,16.38,56671
18-Dec-13,16.54,16.63,16.48,16.54,86879
17-Dec-13,16.46,16.54,16.46,16.48,84954
16-Dec-13,16.46,16.52,16.44,16.46,48053
13-Dec-13,16.42,16.53,16.42,16.47,52598
12-Dec-13,15.97,16.43,15.97,16.38,135751
11-Dec-13,16.43,16.50,16.43,16.47,116013
10-Dec-13,16.39,16.43,16.31,16.36,70464
9-Dec-13,16.29,16.35,16.20,16.22,323283
6-Dec-13,16.14,16.20,16.12,16.16,97938
5-Dec-13,16.11,16.13,16.03,16.04,33192
4-Dec-13,15.99,16.15,15.99,16.10,41881
3-Dec-13,15.89,15.91,15.84,15.85,830862
2-Dec-13,15.89,15.94,15.85,15.85,131436
29-Nov-13,15.97,16.10,15.97,15.99,47789
27-Nov-13,16.03,16.14,15.92,15.97,279993
26-Nov-13,16.17,16.21,16.06,16.06,31720
25-Nov-13,16.17,16.21,16.15,16.21,53508
22-Nov-13,16.22,16.28,16.17,16.22,94947
21-Nov-13,16.04,16.18,16.04,16.14,45416
20-Nov-13,16.12,16.13,16.03,16.04,96616
19-Nov-13,16.07,16.16,16.07,16.11,30788
18-Nov-13,16.11,16.11,16.03,16.03,49629
15-Nov-13,16.04,16.16,16.04,16.16,46324
14-Nov-13,16.03,16.14,16.03,16.12,41043
13-Nov-13,16.08,16.13,16.03,16.13,40948
12-Nov-13,16.26,16.31,16.22,16.22,86096
11-Nov-13,16.32,16.38,16.28,16.36,52041
8-Nov-13,16.27,16.43,16.23,16.42,126629
7-Nov-13,16.39,16.40,16.33,16.37,95705
6-Nov-13,16.52,16.53,16.36,16.41,90758
5-Nov-13,16.52,16.52,16.42,16.48,57606
4-Nov-13,16.54,16.54,16.46,16.50,878993
1-Nov-13,16.66,16.80,16.64,16.64,65973
31-Oct-13,16.82,16.86,16.74,16.74,90620
30-Oct-13,16.94,16.98,16.85,16.92,90920
29-Oct-13,16.88,16.93,16.78,16.80,72523
28-Oct-13,16.83,16.92,16.67,16.85,73883
25-Oct-13,16.59,16.81,16.59,16.73,142597
24-Oct-13,16.61,16.71,16.56,16.70,42085
23-Oct-13,16.71,16.71,16.60,16.60,229670
22-Oct-13,16.89,17.01,16.89,16.94,97577
21-Oct-13,16.73,16.80,16.72,16.77,81130
18-Oct-13,16.70,16.77,16.67,16.67,51438
17-Oct-13,16.59,16.71,16.59,16.71,94378
16-Oct-13,16.58,16.74,16.58,16.74,67928
15-Oct-13,16.72,16.77,16.68,16.73,46427
14-Oct-13,16.71,16.79,16.70,16.77,53991
11-Oct-13,16.53,16.71,16.53,16.69,56875
10-Oct-13,16.47,16.64,16.46,16.60,77645
9-Oct-13,16.55,16.56,16.46,16.51,147913
8-Oct-13,16.70,16.80,16.60,16.60,196774
7-Oct-13,16.52,16.62,16.47,16.59,41368
4-Oct-13,16.58,16.60,16.55,16.55,34847
3-Oct-13,16.57,16.57,16.46,16.47,23372
2-Oct-13,16.47,16.67,16.47,16.63,113255
1-Oct-13,16.63,16.63,16.45,16.51,232232
30-Sep-13,16.85,16.86,16.71,16.73,68509
27-Sep-13,16.73,16.74,16.68,16.68,59544
26-Sep-13,16.59,16.68,16.55,16.55,96697
25-Sep-13,16.42,16.51,16.42,16.47,104959
24-Sep-13,16.32,16.47,16.32,16.45,57640
23-Sep-13,16.52,16.59,16.49,16.57,81708
20-Sep-13,16.59,16.66,16.45,16.49,64947
19-Sep-13,16.80,16.81,16.72,16.77,625471
18-Sep-13,16.44,16.61,16.35,16.58,67657
17-Sep-13,16.28,16.29,16.23,16.23,58759
16-Sep-13,16.36,16.36,16.23,16.27,42475
13-Sep-13,16.30,16.38,16.26,16.37,202593
12-Sep-13,16.30,16.42,16.30,16.37,111408
11-Sep-13,16.51,16.54,16.46,16.52,251640
10-Sep-13,16.56,16.56,16.44,16.53,154596
9-Sep-13,16.51,16.58,16.51,16.58,41415
6-Sep-13,16.59,16.65,16.52,16.60,45198
5-Sep-13,16.38,16.50,16.34,16.47,66899
4-Sep-13,16.38,16.48,16.32,16.46,96828
3-Sep-13,16.67,16.78,16.66,16.71,70772
30-Aug-13,16.58,16.61,16.52,16.59,117448
29-Aug-13,16.83,16.84,16.76,16.79,56678
28-Aug-13,17.09,17.09,17.00,17.03,84022
27-Aug-13,17.24,17.27,17.16,17.18,25674
26-Aug-13,17.34,17.34,17.01,17.19,24464
23-Aug-13,17.16,17.31,17.16,17.29,35956
22-Aug-13,17.27,17.27,17.14,17.21,86635
21-Aug-13,17.25,17.29,17.09,17.20,109787
20-Aug-13,17.27,17.35,17.27,17.34,415847
19-Aug-13,17.37,17.43,17.31,17.36,156428
16-Aug-13,17.42,17.55,17.41,17.52,512935
15-Aug-13,17.15,17.32,17.06,17.29,61280
14-Aug-13,17.15,17.24,17.12,17.22,59860
13-Aug-13,17.05,17.09,17.02,17.09,23483
12-Aug-13,16.99,17.24,16.96,17.13,63259
9-Aug-13,16.99,17.13,16.99,17.08,96611
8-Aug-13,16.67,16.95,16.67,16.95,352623
7-Aug-13,16.19,16.35,16.19,16.29,188821
6-Aug-13,16.42,16.44,16.28,16.28,36749
5-Aug-13,16.39,16.39,16.31,16.39,40001
2-Aug-13,16.50,16.59,16.40,16.43,55777
1-Aug-13,16.43,16.55,16.33,16.35,36406
31-Jul-13,16.04,16.31,16.04,16.27,586386
30-Jul-13,16.09,16.09,16.00,16.02,129110
29-Jul-13,16.17,16.26,16.17,16.22,35057
26-Jul-13,16.29,16.30,16.19,16.24,100694
25-Jul-13,16.53,16.55,16.42,16.55,71354
24-Jul-13,16.73,16.79,16.59,16.63,1538740
23-Jul-13,16.58,16.73,16.58,16.69,380044
22-Jul-13,16.60,16.70,16.57,16.57,73399
19-Jul-13,16.45,16.46,16.36,16.46,40303
18-Jul-13,16.24,16.37,16.24,16.35,123361
17-Jul-13,16.46,16.52,16.29,16.34,92153
16-Jul-13,16.52,16.58,16.49,16.53,62015
15-Jul-13,16.48,16.51,16.39,16.51,91838
12-Jul-13,16.64,16.70,16.61,16.61,179739
11-Jul-13,16.73,16.75,16.55,16.64,55415
10-Jul-13,16.37,16.44,16.35,16.37,82041
9-Jul-13,16.23,16.25,16.07,16.23,153357
8-Jul-13,16.16,16.38,16.16,16.34,146610
5-Jul-13,16.07,16.13,16.01,16.13,56908
3-Jul-13,16.58,16.58,16.43,16.46,1176102
2-Jul-13,16.58,16.72,16.48,16.50,150653
1-Jul-13,16.42,16.60,16.38,16.57,227969
28-Jun-13,16.17,16.36,16.16,16.16,78357
27-Jun-13,16.10,16.19,16.10,16.10,51210
26-Jun-13,16.21,16.21,16.09,16.11,77772
25-Jun-13,16.25,16.32,16.16,16.17,81764
24-Jun-13,16.09,16.10,15.94,16.07,587062
21-Jun-13,16.35,16.40,16.27,16.35,119368
20-Jun-13,16.29,16.32,16.18,16.22,84626
19-Jun-13,16.55,16.61,16.53,16.58,45852
18-Jun-13,16.57,16.65,16.53,16.64,153380
17-Jun-13,16.69,16.78,16.68,16.74,610920
14-Jun-13,16.74,16.79,16.70,16.79,264616
13-Jun-13,16.72,16.84,16.62,16.81,290752
12-Jun-13,16.81,16.86,16.77,16.85,66309
11-Jun-13,16.88,16.88,16.78,16.82,60392
10-Jun-13,17.18,17.19,17.09,17.14,55822
7-Jun-13,17.31,17.46,17.17,17.22,98489
6-Jun-13,17.49,17.58,17.44,17.56,181748
5-Jun-13,17.73,17.84,17.68,17.70,92948
4-Jun-13,17.52,17.69,17.52,17.65,526359
3-Jun-13,17.42,17.50,17.35,17.49,114179
31-May-13,17.19,17.35,17.17,17.17,138016
30-May-13,17.25,17.33,17.23,17.27,63751
29-May-13,17.03,17.08,16.99,17.04,80318
28-May-13,17.06,17.07,16.95,17.00,96538
24-May-13,16.89,16.95,16.86,16.90,49643
23-May-13,16.90,17.03,16.81,17.01,145159
22-May-13,17.10,17.31,17.10,17.19,125411
21-May-13,17.15,17.16,16.95,16.99,133221
20-May-13,16.88,17.12,16.88,17.07,103946
17-May-13,16.90,16.95,16.86,16.87,78740
16-May-13,16.70,16.95,16.68,16.79,191575
15-May-13,16.65,16.77,16.57,16.74,175252
14-May-13,16.89,16.97,16.83,16.86,175526
13-May-13,17.00,17.12,17.00,17.10,42684
10-May-13,17.04,17.23,16.94,17.21,57722
9-May-13,17.18,17.26,17.12,17.15,90404
8-May-13,17.36,17.51,17.32,17.35,258047
7-May-13,17.01,17.14,16.96,17.13,41850
6-May-13,17.16,17.16,16.96,17.11,333146
3-May-13,17.02,17.21,16.95,17.17,244913
2-May-13,16.53,16.61,16.41,16.45,228137
1-May-13,16.42,16.51,16.37,16.38,122541
30-Apr-13,16.98,17.03,16.83,16.85,93088
29-Apr-13,17.01,17.18,16.99,17.07,86337
26-Apr-13,17.27,17.28,16.92,16.95,119031
25-Apr-13,17.34,17.47,17.34,17.37,85195
24-Apr-13,17.02,17.15,17.02,17.09,129902
23-Apr-13,16.88,16.92,16.75,16.79,55173
22-Apr-13,16.89,16.94,16.77,16.92,75881
19-Apr-13,16.91,16.96,16.82,16.96,73412
18-Apr-13,16.98,17.15,16.92,17.13,95482
17-Apr-13,17.03,17.11,16.94,16.94,160246
16-Apr-13,17.23,17.43,17.21,17.39,392900
15-Apr-13,16.86,17.16,16.85,17.07,389320
12-Apr-13,17.30,17.32,17.07,17.10,66928
11-Apr-13,17.48,17.59,17.39,17.53,446976
10-Apr-13,17.65,17.66,17.55,17.59,134504
9-Apr-13,17.57,17.77,17.57,17.73,113557
8-Apr-13,17.43,17.55,17.36,17.44,42763
5-Apr-13,17.28,17.36,17.28,17.34,95983
4-Apr-13,17.23,17.49,17.23,17.40,237232
3-Apr-13,17.36,17.39,17.20,17.24,188492
2-Apr-13,17.33,17.35,17.25,17.31,926095
1-Apr-13,17.40,17.44,17.31,17.35,144100
28-Mar-13,17.63,17.72,17.52,17.54,96094
27-Mar-13,17.54,17.79,17.53,17.78,233573
26-Mar-13,17.85,17.85,17.63,17.69,43564
25-Mar-13,17.81,17.86,17.76,17.81,39135
22-Mar-13,17.84,17.93,17.83,17.93,43664
21-Mar-13,17.73,17.81,17.70,17.73,82455
20-Mar-13,17.74,17.81,17.73,17.75,98866
19-Mar-13,17.73,17.79,17.58,17.62,175202
18-Mar-13,17.68,17.71,17.61,17.63,1014271
15-Mar-13,18.11,18.13,17.95,18.00,815446
14-Mar-13,18.16,18.19,18.11,18.13,469421
13-Mar-13,18.31,18.31,18.10,18.10,1624058
12-Mar-13,18.30,18.35,18.24,18.27,263634
11-Mar-13,17.89,18.07,17.84,18.04,92923
8-Mar-13,18.16,18.19,18.07,18.09,301893
7-Mar-13,18.18,18.28,18.17,18.19,108290
6-Mar-13,18.13,18.15,18.00,18.09,307097
5-Mar-13,18.33,18.36,18.23,18.23,87699
4-Mar-13,18.21,18.27,18.11,18.25,2217703
1-Mar-13,18.18,18.21,18.13,18.18,260665
28-Feb-13,18.55,18.58,18.47,18.50,991352
27-Feb-13,18.63,18.64,18.56,18.63,123876
26-Feb-13,18.64,18.79,18.58,18.78,519825
25-Feb-13,18.69,18.72,18.60,18.63,228351
22-Feb-13,18.82,18.82,18.66,18.69,122656
21-Feb-13,18.87,18.95,18.81,18.90,237891
20-Feb-13,19.23,19.25,19.06,19.12,166788
19-Feb-13,19.42,19.46,19.26,19.33,455714
15-Feb-13,19.68,19.74,19.63,19.73,141515
14-Feb-13,19.73,19.76,19.65,19.74,1156642
13-Feb-13,19.75,19.80,19.64,19.71,388787
12-Feb-13,19.54,19.72,19.54,19.63,178141
11-Feb-13,19.55,19.57,19.48,19.53,228671
8-Feb-13,19.60,19.72,19.60,19.71,450730
7-Feb-13,19.44,19.46,19.37,19.45,104952
6-Feb-13,19.41,19.56,19.40,19.55,382247
5-Feb-13,19.68,19.70,19.61,19.64,257420
4-Feb-13,19.65,19.74,19.62,19.62,180279
1-Feb-13,19.51,19.74,19.48,19.68,152995
31-Jan-13,19.60,19.61,19.40,19.45,98209
30-Jan-13,19.42,19.56,19.42,19.51,234421
29-Jan-13,18.99,19.18,18.96,19.11,185515
28-Jan-13,19.01,19.04,18.93,19.00,394609
25-Jan-13,19.06,19.10,18.92,18.98,54703
24-Jan-13,19.09,19.25,19.08,19.13,67662
23-Jan-13,19.19,19.27,19.07,19.14,354399
22-Jan-13,18.94,19.11,18.90,19.10,88900
18-Jan-13,19.01,19.03,18.88,18.92,66050
17-Jan-13,18.82,18.84,18.76,18.77,314722
16-Jan-13,18.60,18.74,18.58,18.73,320381
15-Jan-13,18.67,18.80,18.67,18.76,133147
14-Jan-13,18.98,19.02,18.76,18.82,205355
11-Jan-13,19.15,19.15,18.99,19.05,281150
10-Jan-13,19.16,19.28,19.11,19.26,1533102
9-Jan-13,19.16,19.25,18.95,18.97,568956
8-Jan-13,18.95,19.07,18.87,19.04,1061066
7-Jan-13,18.85,19.01,18.82,19.01,120161
4-Jan-13,19.26,19.27,19.05,19.12,265108
3-Jan-13,19.71,19.78,19.32,19.32,150074
2-Jan-13,19.78,19.88,19.73,19.81,439334
31-Dec-12,19.12,19.30,19.07,19.28,152165
28-Dec-12,19.11,19.11,18.99,19.02,98377
27-Dec-12,19.19,19.24,19.14,19.19,67966
26-Dec-12,19.18,19.26,19.15,19.20,83375
24-Dec-12,18.99,19.05,18.99,19.02,51760
21-Dec-12,18.98,19.16,18.98,19.12,66812
20-Dec-12,18.89,19.00,18.87,18.94,140965
19-Dec-12,19.18,19.26,19.14,19.21,122392
18-Dec-12,19.32,19.40,19.25,19.28,60171
17-Dec-12,19.23,19.43,19.22,19.39,68314
14-Dec-12,19.41,19.48,19.39,19.44,56168
13-Dec-12,19.38,19.48,19.33,19.42,148737
12-Dec-12,19.53,19.64,19.44,19.56,116739
11-Dec-12,19.46,19.49,19.37,19.39,93246
10-Dec-12,19.50,19.59,19.45,19.45,118767
7-Dec-12,19.08,19.19,19.08,19.15,189829
6-Dec-12,19.26,19.33,19.06,19.12,709634
5-Dec-12,19.19,19.29,19.13,19.22,378021
4-Dec-12,19.23,19.28,19.16,19.16,99173
3-Dec-12,19.24,19.35,19.21,19.32,216761
30-Nov-12,19.11,19.26,19.10,19.23,238619
29-Nov-12,18.95,19.05,18.93,18.94,551817
28-Nov-12,18.44,18.62,18.42,18.61,153551
27-Nov-12,18.64,18.67,18.56,18.61,60534
26-Nov-12,18.51,18.60,18.49,18.57,672282
23-Nov-12,18.29,18.46,18.29,18.42,49474
21-Nov-12,18.13,18.14,18.02,18.12,73129
20-Nov-12,18.31,18.39,18.20,18.28,21087
19-Nov-12,18.24,18.42,18.24,18.39,7159
16-Nov-12,18.08,18.13,18.00,18.11,10013
15-Nov-12,18.23,18.28,18.22,18.24,15771
14-Nov-12,18.31,18.35,18.15,18.16,26215
13-Nov-12,18.02,18.30,18.02,18.24,12556
12-Nov-12,18.04,18.23,18.04,18.18,8215
9-Nov-12,17.88,18.00,17.87,17.98,21163
8-Nov-12,18.03,18.12,17.99,18.11,15233
7-Nov-12,18.01,18.01,17.88,17.97,12940
6-Nov-12,17.98,18.14,17.97,18.13,28237
5-Nov-12,17.87,17.89,17.82,17.89,13340
2-Nov-12,18.21,18.21,17.93,17.93,54524
1-Nov-12,18.18,18.25,18.14,18.18,217729
31-Oct-12,17.97,18.03,17.86,17.89,292453
26-Oct-12,18.36,18.75,17.93,17.96,51835
25-Oct-12,18.13,18.16,17.97,18.06,43983
24-Oct-12,18.09,18.14,18.02,18.10,65289
23-Oct-12,18.08,18.13,18.00,18.11,21025
22-Oct-12,18.37,18.37,18.24,18.28,41603
19-Oct-12,18.67,18.67,18.40,18.44,19012
18-Oct-12,18.73,18.87,18.73,18.81,31443
17-Oct-12,18.60,18.83,18.60,18.79,177907
16-Oct-12,18.60,18.66,18.51,18.57,236022
15-Oct-12,18.62,18.67,18.54,18.67,29532
12-Oct-12,18.85,18.90,18.73,18.73,13291
11-Oct-12,19.15,19.19,19.02,19.08,19809
10-Oct-12,19.10,19.12,18.99,18.99,6298
9-Oct-12,19.42,19.46,19.26,19.26,14843
8-Oct-12,19.50,19.50,19.44,19.48,20828
5-Oct-12,19.79,19.83,19.69,19.70,102216
4-Oct-12,19.87,19.91,19.81,19.81,2478
3-Oct-12,19.81,19.83,19.73,19.73,11985
2-Oct-12,20.07,20.07,19.87,19.90,37220
1-Oct-12,19.84,20.00,19.84,19.92,47595
28-Sep-12,19.91,19.92,19.78,19.80,26870
27-Sep-12,19.61,19.80,19.61,19.78,15133
26-Sep-12,19.68,19.68,19.51,19.60,17982
25-Sep-12,19.87,20.00,19.83,19.84,13766
24-Sep-12,19.68,19.76,19.68,19.73,25199
21-Sep-12,20.02,20.09,19.90,19.91,43433
20-Sep-12,19.88,20.00,19.85,19.91,36244
19-Sep-12,20.20,20.25,20.10,20.13,29332
18-Sep-12,20.01,20.16,19.95,20.04,169625
17-Sep-12,20.11,20.11,19.80,19.82,30510
14-Sep-12,20.23,20.37,20.23,20.25,103535
13-Sep-12,19.44,19.73,19.42,19.72,27488
12-Sep-12,19.33,19.42,19.32,19.36,7600
11-Sep-12,19.32,19.41,19.32,19.33,18461
10-Sep-12,19.25,19.38,19.23,19.27,60576
7-Sep-12,18.72,19.01,18.72,18.96,57511
6-Sep-12,18.29,18.48,18.29,18.37,138510
5-Sep-12,18.25,18.34,18.22,18.34,94597
4-Sep-12,17.97,18.24,17.97,18.11,55611
31-Aug-12,17.77,17.88,17.60,17.86,36777
30-Aug-12,18.01,18.01,17.71,17.75,7005
29-Aug-12,17.97,17.97,17.79,17.79,14132
28-Aug-12,18.00,18.05,17.95,17.98,28658
27-Aug-12,18.12,18.13,18.04,18.09,19978
24-Aug-12,17.75,18.13,17.75,18.11,9373
23-Aug-12,17.76,18.04,17.76,17.90,6193
22-Aug-12,17.69,17.86,17.67,17.86,107225
21-Aug-12,17.63,17.79,17.61,17.62,11789
20-Aug-12,17.39,17.44,17.32,17.40,34586
17-Aug-12,17.55,17.56,17.51,17.53,3811
16-Aug-12,17.37,17.47,17.36,17.46,6955
15-Aug-12,17.45,17.48,17.32,17.38,10657
14-Aug-12,17.50,17.52,17.50,17.50,1626
13-Aug-12,17.60,17.60,17.48,17.52,17045
10-Aug-12,17.69,17.75,17.66,17.73,16405
9-Aug-12,17.88,17.97,17.86,17.87,14550
8-Aug-12,17.92,18.01,17.88,17.88,11683
7-Aug-12,17.94,17.99,17.91,17.91,9176
6-Aug-12,17.58,17.79,17.58,17.75,9915
3-Aug-12,17.52,17.70,17.52,17.59,21050
2-Aug-12,17.38,17.42,17.28,17.28,70285
1-Aug-12,17.64,17.64,17.49,17.49,75440
31-Jul-12,17.93,17.94,17.81,17.88,83824
30-Jul-12,17.87,17.96,17.87,17.96,28330
27-Jul-12,17.83,17.98,17.81,17.96,12393
26-Jul-12,17.81,17.84,17.65,17.67,16316
25-Jul-12,17.67,17.71,17.57,17.62,17299
24-Jul-12,17.66,17.66,17.49,17.56,10034
23-Jul-12,17.57,17.66,17.52,17.61,11968
20-Jul-12,18.06,18.13,17.88,17.88,8153
19-Jul-12,18.32,18.40,18.29,18.39,21473
18-Jul-12,18.01,18.10,18.01,18.10,6923
17-Jul-12,18.23,18.23,18.05,18.09,8950
16-Jul-12,18.11,18.26,18.07,18.23,28888
13-Jul-12,18.07,18.23,18.07,18.13,356191
12-Jul-12,17.78,17.94,17.72,17.87,37747
11-Jul-12,17.86,17.99,17.85,17.91,9248
10-Jul-12,18.07,18.07,17.83,17.85,4450
9-Jul-12,17.95,18.09,17.95,18.08,4949
6-Jul-12,18.00,18.00,17.87,17.89,26781
5-Jul-12,18.24,18.33,18.23,18.23,34998
3-Jul-12,18.57,18.75,18.56,18.61,93349
2-Jul-12,18.22,18.26,18.14,18.17,34655
29-Jun-12,17.95,18.35,17.93,18.30,70714
28-Jun-12,17.58,17.58,17.38,17.49,13739
27-Jun-12,17.40,17.53,17.39,17.51,32156
26-Jun-12,17.43,17.46,17.37,17.43,11150
25-Jun-12,17.45,17.68,17.41,17.68,58151
22-Jun-12,17.58,17.67,17.50,17.65,13831
21-Jun-12,17.78,17.78,17.55,17.55,34452
20-Jun-12,18.11,18.11,17.90,17.93,11316
19-Jun-12,18.18,18.26,18.18,18.26,5050
18-Jun-12,18.12,18.19,18.12,18.15,11054
15-Jun-12,18.21,18.31,18.21,18.29,10003
14-Jun-12,18.12,18.21,18.08,18.21,47923
13-Jun-12,18.16,18.18,18.01,18.01,6998
12-Jun-12,18.19,18.20,18.14,18.19,6148
11-Jun-12,18.36,18.36,18.13,18.13,5116
8-Jun-12,18.40,18.40,18.11,18.15,576
7-Jun-12,18.47,18.50,18.29,18.29,8259
6-Jun-12,18.25,18.33,18.20,18.33,3767
5-Jun-12,18.05,18.15,18.00,18.15,18563
4-Jun-12,18.09,18.34,18.04,18.21,10671
1-Jun-12,18.18,18.24,18.15,18.15,19257
31-May-12,18.45,18.45,18.25,18.29,6645
30-May-12,18.41,18.44,18.36,18.39,3090
29-May-12,18.77,18.84,18.63,18.68,57109
25-May-12,18.55,18.64,18.53,18.57,2645
24-May-12,18.50,18.54,18.44,18.49,4679
23-May-12,18.49,18.53,18.31,18.49,17023
22-May-12,18.76,18.81,18.60,18.60,9167
21-May-12,18.74,18.98,18.72,18.95,6322
18-May-12,18.85,18.94,18.59,18.62,7500
17-May-12,18.71,18.77,18.63,18.68,10624
16-May-12,18.75,18.88,18.62,18.70,29825
15-May-12,18.80,18.86,18.74,18.75,15510
14-May-12,18.88,18.90,18.73,18.73,6215
11-May-12,19.09,19.22,19.09,19.15,28946
10-May-12,19.35,19.35,19.26,19.26,4639
9-May-12,19.11,19.29,19.07,19.25,8444
8-May-12,19.40,19.45,19.30,19.43,13660
7-May-12,19.57,19.81,19.52,19.70,24958
4-May-12,19.69,19.69,19.53,19.57,16100
3-May-12,19.76,19.76,19.66,19.67,8521
2-May-12,19.94,19.94,19.84,19.90,4080
1-May-12,20.19,20.19,20.15,20.15,22642
30-Apr-12,20.03,20.16,20.03,20.16,2872
27-Apr-12,20.04,20.08,20.02,20.02,5884
26-Apr-12,19.79,19.97,19.79,19.97,8397
25-Apr-12,19.74,19.75,19.66,19.71,29163
24-Apr-12,19.60,19.67,19.59,19.61,38146
23-Apr-12,19.43,19.50,19.43,19.50,27269
20-Apr-12,19.72,19.79,19.70,19.70,7625
19-Apr-12,19.46,19.54,19.43,19.49,120817
18-Apr-12,19.43,19.47,19.41,19.42,12218
17-Apr-12,19.63,19.63,19.53,19.53,15655
16-Apr-12,19.56,19.60,19.43,19.57,7959
13-Apr-12,19.66,19.66,19.43,19.45,7275
12-Apr-12,19.84,20.00,19.84,19.90,2036
11-Apr-12,19.61,19.71,19.54,19.60,31388
10-Apr-12,19.76,19.81,19.47,19.50,51786
9-Apr-12,19.83,19.83,19.67,19.67,29826
5-Apr-12,19.85,19.97,19.85,19.94,1870
4-Apr-12,19.94,19.95,19.81,19.82,40264
3-Apr-12,20.31,20.31,20.11,20.17,45913
2-Apr-12,20.05,20.30,20.02,20.30,12274
30-Mar-12,20.20,20.20,20.09,20.09,11026
29-Mar-12,20.09,20.17,19.97,20.13,23310
28-Mar-12,20.22,20.24,20.11,20.17,14725
27-Mar-12,20.46,20.50,20.34,20.47,5432
26-Mar-12,20.35,20.51,20.32,20.49,33963
23-Mar-12,20.15,20.29,20.03,20.24,9900
22-Mar-12,20.09,20.11,20.00,20.09,8616
21-Mar-12,20.60,20.62,20.42,20.42,13447
20-Mar-12,20.61,20.64,20.56,20.60,36800
19-Mar-12,20.90,21.01,20.88,20.94,9569
16-Mar-12,21.03,21.03,20.87,20.88,22692
15-Mar-12,20.84,20.99,20.81,20.97,6820
14-Mar-12,20.85,20.89,20.67,20.71,6704
13-Mar-12,20.86,21.07,20.86,21.07,15214
12-Mar-12,20.66,20.79,20.66,20.72,9813
9-Mar-12,20.55,20.85,20.52,20.73,5465
8-Mar-12,20.50,20.61,20.43,20.58,8101
7-Mar-12,20.22,20.39,20.19,20.39,8665
6-Mar-12,20.42,20.47,20.32,20.33,27164
5-Mar-12,21.03,21.05,20.91,21.05,6773
2-Mar-12,21.39,21.40,21.23,21.32,24775
1-Mar-12,21.36,21.49,21.32,21.47,40785
29-Feb-12,21.55,21.62,21.01,21.12,58676
28-Feb-12,21.34,21.36,21.27,21.31,37605
27-Feb-12,21.03,21.28,21.03,21.06,7105
24-Feb-12,20.88,21.17,20.88,21.09,21051
23-Feb-12,20.83,20.84,20.66,20.72,37350
22-Feb-12,20.64,20.95,20.64,20.74,192640
21-Feb-12,20.56,20.76,20.52,20.69,31805
17-Feb-12,20.09,20.17,19.91,19.91,8157
16-Feb-12,20.03,20.35,20.00,20.35,28863
15-Feb-12,20.54,20.54,20.35,20.43,52332
14-Feb-12,20.56,20.63,20.47,20.63,12125
13-Feb-12,20.94,20.94,20.69,20.69,20268
10-Feb-12,21.07,21.07,20.86,20.86,21954
9-Feb-12,21.44,21.55,21.40,21.43,25782
8-Feb-12,21.29,21.37,21.10,21.14,24345
7-Feb-12,20.89,21.10,20.80,21.00,65490
6-Feb-12,21.06,21.14,20.97,21.01,52961
3-Feb-12,21.05,21.27,21.02,21.25,20219
2-Feb-12,20.91,21.00,20.62,20.72,10199
1-Feb-12,20.93,21.11,20.82,21.02,30089
31-Jan-12,21.34,21.34,20.77,20.91,36963
30-Jan-12,21.01,21.17,20.91,21.17,44540
27-Jan-12,21.18,21.40,21.18,21.37,72385
26-Jan-12,21.52,21.55,21.47,21.47,11223
25-Jan-12,21.01,21.37,20.96,21.33,36483
24-Jan-12,20.66,21.15,20.66,21.10,47987
23-Jan-12,20.68,20.73,20.64,20.70,106744
20-Jan-12,20.55,20.56,20.41,20.43,11956
19-Jan-12,20.54,20.71,20.54,20.70,39359
18-Jan-12,20.30,20.49,20.30,20.49,34832
17-Jan-12,20.18,20.41,20.18,20.34,79996
13-Jan-12,-,-,-,19.81,0
12-Jan-12,19.94,20.08,19.82,19.85,57222
11-Jan-12,19.44,19.70,19.35,19.70,38633
10-Jan-12,19.44,19.51,19.40,19.48,13894
9-Jan-12,18.96,19.06,18.93,18.97,17375
6-Jan-12,18.70,18.88,18.60,18.78,11293
5-Jan-12,18.63,18.67,18.58,18.63,61050
4-Jan-12,18.99,19.01,18.81,18.84,9567
3-Jan-12,18.90,19.19,18.90,19.06,15473
30-Dec-11,-,-,-,18.65,0
29-Dec-11,18.45,18.52,18.39,18.47,16847
28-Dec-11,18.57,18.57,18.27,18.29,48985
27-Dec-11,18.60,18.66,18.50,18.53,19471
23-Dec-11,-,-,-,18.73,0
22-Dec-11,18.61,18.75,18.60,18.69,73498
21-Dec-11,18.51,18.60,18.45,18.58,68675
20-Dec-11,18.53,18.66,18.51,18.59,38484
19-Dec-11,18.32,18.38,18.13,18.13,20150
16-Dec-11,18.54,18.60,18.47,18.59,21224
15-Dec-11,18.45,18.45,18.20,18.20,11100
14-Dec-11,18.38,18.40,18.13,18.18,34929
13-Dec-11,19.00,19.14,18.62,18.66,54851
12-Dec-11,19.22,19.22,19.00,19.11,20160
9-Dec-11,19.51,19.72,19.51,19.63,14611
8-Dec-11,19.59,19.69,19.32,19.32,25177
7-Dec-11,19.80,19.84,19.61,19.73,37339
6-Dec-11,19.74,20.05,19.74,19.98,26029
5-Dec-11,20.01,20.06,19.77,19.77,21388
2-Dec-11,20.08,20.13,20.00,20.00,42119
1-Dec-11,19.89,20.07,19.82,19.82,9313
30-Nov-11,19.40,20.22,19.40,19.97,50571
29-Nov-11,18.91,18.99,18.85,18.96,96599
28-Nov-11,18.93,19.05,18.85,18.91,72041
25-Nov-11,18.45,18.68,18.45,18.53,16630
23-Nov-11,-,-,-,18.61,0
22-Nov-11,18.99,19.17,18.98,18.98,26166
21-Nov-11,19.09,19.11,18.80,18.95,20806
18-Nov-11,19.23,19.39,19.23,19.31,22693
17-Nov-11,19.32,19.32,18.96,18.96,15681
16-Nov-11,19.37,19.75,19.33,19.50,31556
15-Nov-11,19.50,19.62,19.34,19.46,17537
14-Nov-11,19.66,19.69,19.56,19.64,70295
11-Nov-11,19.32,19.56,19.31,19.55,101895
10-Nov-11,19.23,19.23,19.00,19.14,54134
9-Nov-11,19.63,19.63,19.24,19.25,46961
8-Nov-11,19.73,19.89,19.66,19.88,41695
7-Nov-11,19.72,19.85,19.65,19.85,5270
4-Nov-11,19.77,19.83,19.71,19.73,4797
3-Nov-11,19.76,19.86,19.57,19.84,18450
2-Nov-11,19.68,19.80,19.60,19.66,13962
1-Nov-11,19.44,19.66,19.30,19.37,29894
31-Oct-11,20.00,20.26,19.95,20.10,43458
28-Oct-11,20.26,20.54,20.24,20.54,43942
27-Oct-11,20.21,20.47,20.16,20.38,96400
26-Oct-11,19.90,19.95,19.48,19.60,53136
25-Oct-11,19.55,19.55,19.28,19.35,110220
24-Oct-11,19.18,19.59,19.18,19.59,28132
21-Oct-11,18.59,18.80,18.54,18.73,66255
20-Oct-11,18.36,18.43,17.85,18.06,88901
19-Oct-11,19.15,19.16,18.65,18.75,34250
18-Oct-11,19.16,19.59,19.08,19.41,48529
17-Oct-11,19.51,19.55,19.30,19.30,12956
14-Oct-11,19.69,19.74,19.61,19.73,27995
13-Oct-11,19.44,19.49,19.27,19.49,14029
12-Oct-11,19.72,19.91,19.65,19.66,90692
11-Oct-11,19.27,19.44,19.27,19.37,15428
10-Oct-11,19.44,19.79,19.44,19.77,12829
7-Oct-11,19.36,19.47,19.27,19.28,31597
6-Oct-11,19.02,19.33,19.02,19.28,36375
5-Oct-11,18.50,18.93,18.33,18.93,43189
4-Oct-11,18.70,18.98,18.38,18.84,76322
3-Oct-11,18.59,19.05,18.44,18.70,56946
30-Sep-11,19.15,19.17,18.51,18.55,26041
29-Sep-11,19.41,19.53,19.19,19.39,25082
28-Sep-11,19.73,19.81,18.72,18.95,44879
27-Sep-11,19.88,20.16,19.78,19.80,67065
26-Sep-11,19.21,19.48,19.01,19.44,45702
23-Sep-11,19.75,19.89,19.23,19.37,16411
22-Sep-11,20.26,20.42,19.90,19.95,37123
21-Sep-11,21.08,21.31,20.85,20.88,67821
20-Sep-11,21.37,21.45,21.02,21.02,33772
19-Sep-11,21.49,21.50,21.36,21.42,49843
16-Sep-11,22.25,22.29,21.94,21.95,12925
15-Sep-11,22.15,22.17,22.07,22.07,48465
14-Sep-11,22.03,22.03,21.78,21.88,157957
13-Sep-11,22.23,22.35,22.10,22.10,22073
12-Sep-11,22.00,22.37,21.95,22.37,84208
9-Sep-11,22.36,22.36,22.15,22.17,48050
8-Sep-11,22.61,22.90,22.60,22.76,5920
7-Sep-11,22.65,22.80,22.64,22.80,49782
6-Sep-11,22.36,22.44,22.27,22.41,18369
2-Sep-11,22.64,22.77,22.55,22.75,31168
1-Sep-11,22.93,22.99,22.87,22.87,54654
31-Aug-11,23.18,23.29,23.18,23.23,41573
30-Aug-11,23.00,23.05,22.89,23.03,29149
29-Aug-11,22.69,22.69,22.55,22.65,16261
26-Aug-11,22.53,22.74,22.46,22.73,52907
25-Aug-11,22.57,22.59,22.43,22.58,18935
24-Aug-11,22.31,22.35,22.13,22.28,26801
23-Aug-11,22.22,22.41,22.15,22.41,47699
22-Aug-11,22.25,22.28,21.94,21.94,13094
19-Aug-11,22.18,22.37,22.17,22.17,26110
18-Aug-11,22.22,22.25,21.89,21.99,145347
17-Aug-11,22.57,22.70,22.49,22.51,52165
16-Aug-11,22.26,22.32,22.22,22.27,7037
15-Aug-11,22.35,22.47,22.29,22.46,6380
12-Aug-11,22.65,22.82,22.30,22.34,45301
11-Aug-11,22.32,22.84,22.32,22.84,107115
10-Aug-11,22.31,22.31,21.71,21.74,64481
9-Aug-11,22.17,22.38,21.68,22.38,152883
8-Aug-11,22.58,22.66,21.69,21.80,219116
5-Aug-11,23.33,23.39,22.60,22.76,103385
4-Aug-11,23.80,23.80,23.48,23.49,100393
3-Aug-11,24.16,24.17,24.00,24.06,43297
2-Aug-11,24.54,24.60,24.41,24.49,45319
1-Aug-11,25.12,25.12,24.59,24.70,38605
29-Jul-11,24.89,25.08,24.82,25.07,24150
28-Jul-11,25.10,25.20,25.04,25.20,17839
27-Jul-11,25.16,25.16,25.00,25.02,35014
26-Jul-11,25.08,25.22,25.04,25.22,58838
25-Jul-11,24.72,24.80,24.68,24.72,31543
22-Jul-11,24.69,24.80,24.55,24.79,23726
21-Jul-11,24.45,24.54,24.41,24.44,22877
20-Jul-11,24.62,24.68,24.52,24.54,81925
19-Jul-11,24.69,24.84,24.67,24.84,54224
18-Jul-11,24.15,24.35,24.07,24.35,108652
15-Jul-11,23.98,24.18,23.98,24.17,64215
14-Jul-11,24.08,24.16,23.97,24.03,135860
13-Jul-11,24.04,24.24,24.04,24.16,52818
12-Jul-11,23.83,24.05,23.83,23.96,60769
11-Jul-11,23.88,23.98,23.64,23.74,26288
8-Jul-11,24.23,24.28,24.08,24.18,22405
7-Jul-11,24.39,24.58,24.39,24.53,34209
6-Jul-11,24.24,24.28,24.11,24.19,94960
5-Jul-11,24.06,24.36,24.06,24.26,136536
1-Jul-11,-,-,-,23.92,0
30-Jun-11,23.89,23.95,23.80,23.88,38184
29-Jun-11,23.40,23.71,23.40,23.65,37823
28-Jun-11,23.35,23.35,23.17,23.31,32686
27-Jun-11,23.06,23.18,23.06,23.16,25031
24-Jun-11,23.23,23.26,22.95,23.03,14666
23-Jun-11,23.23,23.23,22.89,23.17,30881
22-Jun-11,23.25,23.30,23.09,23.09,25207
21-Jun-11,23.22,23.28,23.05,23.12,79978
20-Jun-11,22.82,22.98,22.82,22.97,50079
17-Jun-11,23.23,23.36,23.03,23.05,18876
16-Jun-11,23.09,23.34,23.03,23.27,29684
15-Jun-11,23.54,23.67,23.21,23.37,52708
14-Jun-11,23.34,23.81,23.34,23.79,42818
13-Jun-11,23.18,23.32,23.18,23.24,14061
10-Jun-11,23.52,23.55,23.35,23.46,26806
9-Jun-11,23.55,23.89,23.55,23.80,17569
8-Jun-11,23.81,23.93,23.73,23.93,38810
7-Jun-11,23.95,24.04,23.89,23.93,28380
6-Jun-11,23.92,23.97,23.68,23.68,100144
3-Jun-11,23.43,23.75,23.43,23.70,33574
2-Jun-11,23.66,23.66,23.30,23.53,38497
1-Jun-11,23.77,23.83,23.49,23.58,118645
31-May-11,24.00,24.04,23.90,24.00,22617
27-May-11,-,-,-,23.85,0
26-May-11,23.47,23.53,23.28,23.52,24878
25-May-11,23.17,23.40,23.17,23.31,20738
24-May-11,22.93,23.03,22.81,22.83,64250
23-May-11,22.49,22.65,22.45,22.49,50626
20-May-11,23.01,23.10,22.86,22.91,36966
19-May-11,23.07,23.17,22.75,22.84,36526
18-May-11,23.00,23.28,23.00,23.17,59258
17-May-11,22.61,22.89,22.49,22.89,493520
16-May-11,22.73,22.88,22.64,22.82,41560
13-May-11,23.15,23.18,22.85,23.01,17895
12-May-11,22.89,23.16,22.81,23.11,76938
11-May-11,23.05,23.06,22.73,22.76,20700
10-May-11,23.28,23.50,23.25,23.40,67831
9-May-11,23.17,23.40,23.05,23.36,98100
6-May-11,23.10,23.31,22.90,22.91,109309
5-May-11,23.28,23.29,22.90,22.99,135705
4-May-11,24.17,24.20,23.84,23.89,51305
3-May-11,24.28,24.55,24.27,24.43,55781
2-May-11,23.92,24.21,23.88,24.00,217233
29-Apr-11,24.58,24.58,23.92,24.09,79689
28-Apr-11,24.31,24.49,24.30,24.43,46485
27-Apr-11,24.39,24.43,24.21,24.31,168429
26-Apr-11,24.57,24.70,24.48,24.58,35944
25-Apr-11,25.34,25.35,24.39,24.69,53960
21-Apr-11,-,-,-,25.00,0
20-Apr-11,24.83,24.95,24.78,24.84,50017
19-Apr-11,24.42,24.60,24.38,24.52,29528
18-Apr-11,24.50,24.51,24.19,24.40,70227
15-Apr-11,24.69,24.81,24.61,24.66,36080
14-Apr-11,24.54,24.77,24.54,24.74,83512
13-Apr-11,25.01,25.01,24.63,24.69,51147
12-Apr-11,25.19,25.20,24.93,25.05,105448
11-Apr-11,25.57,25.63,25.32,25.37,137857
8-Apr-11,25.50,25.74,25.37,25.59,76677
7-Apr-11,25.21,25.29,25.01,25.12,103089
6-Apr-11,24.94,25.04,24.85,25.02,84089
5-Apr-11,24.49,24.67,24.37,24.39,42927
4-Apr-11,24.67,24.68,24.54,24.60,34155
1-Apr-11,24.30,24.53,24.09,24.41,142067
31-Mar-11,24.45,24.58,24.31,24.42,68267
30-Mar-11,24.53,24.58,24.23,24.34,132400
29-Mar-11,24.55,24.90,24.51,24.68,96672
28-Mar-11,24.56,24.58,24.42,24.44,53420
25-Mar-11,25.04,25.04,24.75,24.85,50425
24-Mar-11,24.87,25.09,24.80,24.87,77901
23-Mar-11,24.84,24.97,24.78,24.90,67560
22-Mar-11,24.23,24.35,24.03,24.35,35998
21-Mar-11,24.15,24.15,23.91,24.13,92665
18-Mar-11,24.24,24.35,24.18,24.35,34168
17-Mar-11,23.99,24.34,23.94,24.31,114529
16-Mar-11,23.88,23.95,23.43,23.46,119696
15-Mar-11,23.38,23.77,23.32,23.69,97508
14-Mar-11,23.80,24.10,23.77,24.08,56148
11-Mar-11,23.54,23.92,23.54,23.92,73623
10-Mar-11,23.72,24.02,23.66,23.85,135610
9-Mar-11,24.53,24.53,23.67,23.94,141136
8-Mar-11,24.40,24.66,24.32,24.66,50441
7-Mar-11,25.00,25.04,24.38,24.61,41034
4-Mar-11,25.40,25.43,25.07,25.24,14556
3-Mar-11,25.43,25.50,25.25,25.25,47174
2-Mar-11,25.07,25.29,25.01,25.17,47751
1-Mar-11,25.31,25.37,25.09,25.20,54769
28-Feb-11,25.03,25.35,25.03,25.35,47555
25-Feb-11,24.82,25.08,24.80,25.05,78205
24-Feb-11,24.49,24.67,24.42,24.60,80877
23-Feb-11,24.36,24.64,24.31,24.54,306162
22-Feb-11,24.76,24.84,24.25,24.33,145744
18-Feb-11,-,-,-,25.17,0
17-Feb-11,24.75,25.14,24.64,25.08,53545
16-Feb-11,25.00,25.05,24.76,24.93,34411
15-Feb-11,25.23,25.24,24.72,24.77,36433
14-Feb-11,24.99,25.25,24.99,25.19,47927
11-Feb-11,24.51,24.95,24.50,24.86,38278
10-Feb-11,24.66,24.92,24.61,24.92,63194
9-Feb-11,25.15,25.15,24.76,24.90,63642
8-Feb-11,25.04,25.40,24.98,25.33,88536
7-Feb-11,25.25,25.34,24.95,24.95,48823
4-Feb-11,25.12,25.23,25.00,25.07,135062
3-Feb-11,24.94,24.99,24.79,24.95,159993
2-Feb-11,24.90,25.02,24.84,24.95,78411
1-Feb-11,24.70,25.04,24.70,24.98,298240
31-Jan-11,24.12,24.54,24.11,24.50,468804
28-Jan-11,23.87,24.08,23.76,23.89,157481
27-Jan-11,23.52,23.63,23.41,23.45,1141999
26-Jan-11,23.10,23.45,23.06,23.45,202817
25-Jan-11,23.20,23.21,22.92,23.10,207810
24-Jan-11,23.56,23.70,23.49,23.59,376008
21-Jan-11,23.59,23.79,23.57,23.60,197260
20-Jan-11,23.64,23.64,23.30,23.45,354782
19-Jan-11,24.34,24.53,23.87,24.16,323185
18-Jan-11,24.32,24.44,24.24,24.35,220984
14-Jan-11,-,-,-,24.54,0
13-Jan-11,24.52,24.52,24.15,24.20,420403
12-Jan-11,24.53,24.65,24.42,24.54,225571
11-Jan-11,24.17,24.28,23.97,24.24,257548
10-Jan-11,24.02,24.03,23.79,24.01,282503
7-Jan-11,24.22,24.45,24.08,24.13,522692
6-Jan-11,24.45,24.48,24.18,24.30,286747
5-Jan-11,24.16,24.47,24.06,24.42,867685
4-Jan-11,24.73,24.73,24.21,24.38,481999
3-Jan-11,24.58,26.18,24.43,24.76,985852
31-Dec-10,24.35,24.73,24.24,24.43,204648
30-Dec-10,24.19,24.19,24.02,24.14,341036
29-Dec-10,23.98,24.09,23.90,24.00,278652
28-Dec-10,23.87,23.98,23.75,23.96,161609
27-Dec-10,23.35,23.73,23.35,23.62,153908
23-Dec-10,-,-,-,23.43,0
22-Dec-10,23.67,23.82,23.60,23.80,116626
21-Dec-10,23.49,23.70,23.39,23.68,306072
20-Dec-10,23.11,23.24,22.93,23.18,279550
17-Dec-10,22.89,23.03,22.76,23.03,1233368
16-Dec-10,22.57,22.66,22.41,22.54,121085
15-Dec-10,22.87,22.99,22.51,22.53,271036
14-Dec-10,23.22,23.33,23.09,23.24,108437
13-Dec-10,23.05,23.30,23.05,23.25,354456
10-Dec-10,22.87,22.91,22.64,22.79,239412
9-Dec-10,22.89,22.97,22.66,22.74,114541
8-Dec-10,22.80,23.10,22.60,23.06,153276
7-Dec-10,23.08,23.10,22.43,22.43,482383
6-Dec-10,22.38,23.14,22.31,22.48,519378
3-Dec-10,22.34,22.51,22.29,22.51,109961
2-Dec-10,22.67,22.67,22.28,22.51,253446
1-Dec-10,22.00,22.37,22.00,22.27,258883
30-Nov-10,21.42,21.72,21.41,21.47,221129
29-Nov-10,21.41,21.48,21.10,21.48,484998
26-Nov-10,21.42,21.49,21.35,21.44,414566
24-Nov-10,-,-,-,21.51,0
23-Nov-10,21.35,21.42,21.19,21.27,174295
22-Nov-10,21.55,21.78,21.47,21.74,185216
19-Nov-10,21.80,21.98,21.68,21.82,312233
18-Nov-10,21.70,22.12,21.69,22.07,307913
17-Nov-10,21.38,21.71,21.26,21.32,703896
16-Nov-10,22.22,22.22,21.15,21.44,889230
15-Nov-10,22.87,22.96,22.71,22.77,351507
12-Nov-10,23.60,23.60,22.83,22.87,245241
11-Nov-10,24.10,24.14,23.94,24.06,215569
10-Nov-10,23.92,24.26,23.50,23.86,298688
9-Nov-10,24.01,24.27,23.78,23.94,359250
8-Nov-10,23.73,23.73,23.47,23.65,235005
5-Nov-10,23.85,23.93,23.63,23.79,342228
4-Nov-10,23.61,23.79,23.59,23.76,355717
3-Nov-10,23.11,23.19,22.85,23.15,195574
2-Nov-10,23.14,23.25,23.00,23.15,304147
1-Nov-10,23.12,23.14,22.80,22.88,461215
29-Oct-10,22.61,22.76,22.53,22.75,202763
28-Oct-10,23.01,23.05,22.82,22.92,233997
27-Oct-10,23.11,23.11,22.80,22.86,229346
26-Oct-10,23.33,23.65,23.30,23.64,258755
25-Oct-10,23.51,23.55,23.32,23.35,283552
22-Oct-10,23.00,23.21,22.98,23.12,271833
21-Oct-10,23.04,23.21,22.70,22.79,275001
20-Oct-10,22.40,22.89,22.40,22.75,259479
19-Oct-10,22.44,22.62,22.21,22.32,568730
18-Oct-10,22.80,23.19,22.75,23.15,452063
15-Oct-10,22.93,23.02,22.68,22.82,195133
14-Oct-10,22.94,23.14,22.70,22.80,227613
13-Oct-10,22.82,23.00,22.81,22.90,221435
12-Oct-10,22.65,22.93,22.52,22.82,307860
11-Oct-10,22.64,22.73,22.56,22.63,192617
8-Oct-10,22.34,22.68,22.30,22.63,216728
7-Oct-10,22.39,22.40,21.90,21.99,296096
6-Oct-10,22.58,22.61,22.46,22.54,153136
5-Oct-10,22.38,22.52,22.35,22.50,306935
4-Oct-10,22.49,22.49,21.97,22.09,203644
1-Oct-10,22.33,22.33,22.04,22.11,363525
30-Sep-10,21.93,21.98,21.76,21.90,291504
29-Sep-10,21.77,22.00,21.76,21.94,295392
28-Sep-10,21.54,21.87,21.49,21.86,242717
27-Sep-10,21.76,21.76,21.51,21.54,359323
24-Sep-10,21.98,22.07,21.84,21.92,196025
23-Sep-10,21.56,21.75,21.52,21.61,325918
22-Sep-10,21.09,21.63,21.09,21.42,828711
21-Sep-10,21.01,21.01,20.76,20.77,396526
20-Sep-10,21.11,21.19,20.98,21.11,247849
17-Sep-10,21.15,21.16,20.87,20.98,95994
16-Sep-10,20.95,21.01,20.74,20.80,39812
15-Sep-10,20.56,20.76,20.53,20.71,152967
14-Sep-10,20.67,20.94,20.61,20.72,259507
13-Sep-10,20.85,20.93,20.68,20.74,153016
10-Sep-10,20.44,20.62,20.34,20.34,65125
9-Sep-10,20.93,20.93,20.46,20.46,203540
8-Sep-10,20.95,21.18,20.95,21.08,249439
7-Sep-10,20.97,20.97,20.69,20.84,112737
3-Sep-10,-,-,-,20.90,0
2-Sep-10,20.75,20.90,20.73,20.79,205945
1-Sep-10,20.33,20.70,20.33,20.56,359220
31-Aug-10,20.15,20.25,19.88,20.01,237819
30-Aug-10,20.19,20.35,20.02,20.20,98489
27-Aug-10,19.80,20.22,19.68,20.17,125189
26-Aug-10,19.66,19.80,19.60,19.69,236917
25-Aug-10,19.17,19.37,19.06,19.29,164447
24-Aug-10,19.42,19.49,19.35,19.35,188901
23-Aug-10,19.75,19.86,19.67,19.72,69007
20-Aug-10,19.83,19.87,19.74,19.83,89727
19-Aug-10,20.38,20.38,20.01,20.15,133584
18-Aug-10,20.34,20.49,20.15,20.44,269611
17-Aug-10,20.53,20.62,20.37,20.47,123569
16-Aug-10,20.20,20.20,19.99,20.07,61908
13-Aug-10,20.04,20.18,19.89,19.93,99992
12-Aug-10,20.01,20.29,19.85,20.13,151602
11-Aug-10,20.10,20.15,19.93,20.02,177692
10-Aug-10,20.33,20.53,20.17,20.49,256091
9-Aug-10,20.90,20.90,20.66,20.78,116351
6-Aug-10,20.62,20.82,20.54,20.78,178846
5-Aug-10,20.72,20.76,20.50,20.52,126219
4-Aug-10,20.64,21.00,20.64,20.88,218636
3-Aug-10,20.73,20.78,20.49,20.56,209709
2-Aug-10,20.46,20.90,20.43,20.90,481656
30-Jul-10,19.86,20.19,19.86,20.11,176809
29-Jul-10,19.57,19.93,19.57,19.86,505889
28-Jul-10,19.50,19.63,19.45,19.45,163829
27-Jul-10,19.41,19.44,19.13,19.25,75537
26-Jul-10,19.26,19.50,19.26,19.49,142727
23-Jul-10,19.50,19.50,19.11,19.23,218236
22-Jul-10,19.14,19.38,19.14,19.20,296137
21-Jul-10,18.95,18.99,18.66,18.69,179666
20-Jul-10,18.30,18.57,18.22,18.52,507512
19-Jul-10,18.09,18.22,18.07,18.21,114321
16-Jul-10,18.36,18.36,18.03,18.04,143873
15-Jul-10,18.59,18.65,17.10,18.50,674305
14-Jul-10,18.54,18.58,18.27,18.35,179339
13-Jul-10,18.50,18.61,18.46,18.46,90896
12-Jul-10,18.56,18.67,18.39,18.43,124525
9-Jul-10,18.60,18.81,18.60,18.71,132375
8-Jul-10,18.69,18.76,18.45,18.55,130263
7-Jul-10,18.40,18.65,18.40,18.65,127122
6-Jul-10,18.28,18.55,18.27,18.36,154424
2-Jul-10,-,-,-,18.01,0
1-Jul-10,17.93,18.00,17.62,17.86,272787
30-Jun-10,17.69,18.25,17.67,18.00,204067
29-Jun-10,18.34,18.35,17.85,17.95,411736
28-Jun-10,18.76,19.01,18.76,18.80,206677
25-Jun-10,18.51,18.94,18.43,18.86,118671
24-Jun-10,18.39,18.65,18.39,18.55,149326
23-Jun-10,18.19,18.30,18.04,18.21,107218
22-Jun-10,18.14,18.36,18.09,18.10,225619
21-Jun-10,18.47,18.52,17.96,17.98,176324
18-Jun-10,17.99,18.05,17.77,17.81,194771
17-Jun-10,18.35,18.35,17.91,18.04,204943
16-Jun-10,18.38,18.61,18.33,18.42,193361
15-Jun-10,18.52,18.81,18.40,18.81,209148
14-Jun-10,18.24,18.53,18.24,18.33,219854
11-Jun-10,17.83,18.05,17.78,18.02,218362
10-Jun-10,17.85,18.09,17.74,17.94,335319
9-Jun-10,17.90,17.99,17.51,17.54,414981
8-Jun-10,17.09,17.71,17.09,17.64,320441
7-Jun-10,17.02,17.08,16.74,16.91,526942
4-Jun-10,17.50,17.64,17.05,17.17,597426
3-Jun-10,18.33,18.36,17.87,17.98,743321
2-Jun-10,18.30,18.63,18.23,18.63,285902
1-Jun-10,18.76,18.97,18.58,18.60,399489
28-May-10,-,-,-,19.09,0
27-May-10,19.10,19.54,19.07,19.53,386801
26-May-10,19.00,19.18,18.81,18.86,272456
25-May-10,18.67,19.03,18.54,18.89,762481
24-May-10,19.20,19.47,19.08,19.29,187275
21-May-10,18.82,19.25,18.81,19.19,742375
20-May-10,18.34,18.92,18.17,18.53,812508
19-May-10,18.55,18.74,18.40,18.73,437040
18-May-10,19.14,19.32,18.78,18.79,616055
17-May-10,19.42,19.43,18.31,18.60,901510
14-May-10,20.11,20.14,19.67,19.72,222623
13-May-10,20.20,20.69,20.20,20.41,357939
12-May-10,20.10,20.39,20.03,20.06,765116
11-May-10,19.93,20.08,19.81,19.84,793360
10-May-10,20.53,20.56,20.24,20.36,1081929
7-May-10,19.84,20.16,19.58,19.93,667480
6-May-10,19.94,20.12,19.25,19.70,1454496
5-May-10,19.50,20.21,19.25,19.91,1322585
4-May-10,20.79,20.79,20.28,20.35,501761
3-May-10,21.42,21.47,20.90,21.08,513428
30-Apr-10,21.39,21.61,21.23,21.44,235666
29-Apr-10,21.50,21.54,21.11,21.40,238352
28-Apr-10,21.46,21.69,21.26,21.68,531847
27-Apr-10,22.29,22.45,21.30,21.32,464557
26-Apr-10,22.55,22.59,22.45,22.45,438854
23-Apr-10,22.21,22.57,22.10,22.55,277789
22-Apr-10,22.49,22.49,22.23,22.39,427526
21-Apr-10,22.67,22.74,22.46,22.64,237238
20-Apr-10,22.88,22.99,22.70,22.77,125344
19-Apr-10,22.49,22.67,22.37,22.54,349670
16-Apr-10,23.30,23.47,22.71,22.82,445507
15-Apr-10,23.22,23.51,23.22,23.45,276911
14-Apr-10,23.17,23.32,23.13,23.28,233458
13-Apr-10,22.97,23.10,22.78,23.08,335488
12-Apr-10,23.11,23.19,22.87,22.87,326580
9-Apr-10,22.85,23.00,22.80,22.95,286304
8-Apr-10,22.57,22.79,22.50,22.75,147397
7-Apr-10,22.92,22.94,22.64,22.68,307034
6-Apr-10,22.88,23.04,22.79,22.95,251739
5-Apr-10,22.91,23.14,22.77,23.12,452428
1-Apr-10,-,-,-,22.75,0
31-Mar-10,22.51,22.68,22.40,22.51,282747
30-Mar-10,22.45,22.55,22.29,22.38,263220
29-Mar-10,21.94,22.23,21.94,22.19,306538
26-Mar-10,21.52,21.63,21.40,21.45,193650
25-Mar-10,21.28,21.46,21.21,21.24,470245
24-Mar-10,21.27,21.38,21.08,21.17,265719
23-Mar-10,21.64,21.82,21.46,21.55,215634
22-Mar-10,21.35,21.77,21.26,21.77,386110
19-Mar-10,21.96,21.96,21.63,21.68,255583
18-Mar-10,21.98,22.03,21.87,21.98,221745
17-Mar-10,22.00,22.13,21.92,22.12,422924
16-Mar-10,21.67,21.84,21.65,21.76,208992
15-Mar-10,21.53,21.60,21.35,21.47,253587
12-Mar-10,21.80,22.00,21.77,21.95,289508
11-Mar-10,21.61,21.90,21.55,21.84,185085
10-Mar-10,22.09,22.27,21.70,21.83,201687
9-Mar-10,21.81,22.03,21.79,21.98,318288
8-Mar-10,22.16,22.17,21.73,21.98,287364
5-Mar-10,21.64,22.04,21.64,21.84,220700
4-Mar-10,21.57,21.62,21.31,21.40,458457
3-Mar-10,21.50,21.85,21.42,21.55,591685
2-Mar-10,21.14,21.38,21.06,21.32,211708
1-Mar-10,21.07,21.14,20.89,21.05,256461
26-Feb-10,20.47,20.80,20.33,20.80,207370
25-Feb-10,20.22,20.47,20.12,20.43,328669
24-Feb-10,20.65,20.83,20.52,20.68,437581
23-Feb-10,20.97,21.08,20.56,20.56,590184
22-Feb-10,21.45,21.50,21.14,21.15,337410
19-Feb-10,21.10,21.57,20.95,21.54,554705
18-Feb-10,21.07,21.37,20.99,21.31,236430
17-Feb-10,21.17,21.29,20.83,21.13,399321
16-Feb-10,20.55,21.14,20.53,21.14,451214
12-Feb-10,-,-,-,20.01,0
11-Feb-10,19.80,20.32,19.72,20.30,344692
10-Feb-10,19.73,19.77,19.41,19.67,1141669
9-Feb-10,19.49,19.85,19.40,19.67,450031
8-Feb-10,18.96,19.16,18.84,18.98,384811
5-Feb-10,18.88,18.96,18.47,18.83,1963005
4-Feb-10,19.45,19.50,18.98,19.15,2003233
3-Feb-10,19.99,20.10,19.57,19.70,1790665
2-Feb-10,20.29,20.40,20.18,20.30,1109924
1-Feb-10,19.83,20.22,19.80,20.13,777083
29-Jan-10,20.26,20.32,19.71,19.80,1677609
28-Jan-10,20.84,20.89,20.08,20.14,2048037
27-Jan-10,21.17,21.28,20.56,20.74,1120638
26-Jan-10,21.38,21.77,21.35,21.56,859291
25-Jan-10,21.86,21.96,21.76,21.78,902367
22-Jan-10,21.50,21.97,21.25,21.87,1363197
21-Jan-10,22.27,22.42,21.70,21.96,955205
20-Jan-10,22.56,22.56,22.06,22.28,490338
19-Jan-10,22.50,22.91,22.48,22.91,468933
15-Jan-10,-,-,-,22.51,0
14-Jan-10,23.00,23.15,22.73,22.82,302294
13-Jan-10,22.54,22.81,22.39,22.81,422768
12-Jan-10,22.61,22.72,22.10,22.18,849863
11-Jan-10,23.27,23.30,23.01,23.16,486492
8-Jan-10,23.12,23.12,22.63,22.94,519565
7-Jan-10,23.55,23.55,23.04,23.12,655505
6-Jan-10,23.47,23.94,23.42,23.80,526785
5-Jan-10,22.86,23.09,22.76,23.08,417007
4-Jan-10,22.99,23.00,22.72,22.92,526133
31-Dec-09,-,-,-,22.50,0
30-Dec-09,22.67,22.72,22.50,22.67,207711
29-Dec-09,22.70,22.72,22.50,22.53,619272
28-Dec-09,22.62,22.90,22.59,22.74,637828
24-Dec-09,22.40,22.53,22.31,22.42,197282
23-Dec-09,21.97,22.33,21.97,22.32,413453
22-Dec-09,21.78,21.88,21.65,21.77,225234
21-Dec-09,21.82,22.04,21.65,21.88,357642
18-Dec-09,24.54,24.54,21.55,21.65,244456
17-Dec-09,21.71,21.79,21.50,21.57,178092
16-Dec-09,21.82,22.10,21.82,21.91,469762
15-Dec-09,21.43,21.55,21.32,21.44,264329
14-Dec-09,21.85,21.85,21.47,21.60,259574
11-Dec-09,21.36,21.52,21.31,21.50,369058
10-Dec-09,21.12,21.46,20.98,21.09,233106
9-Dec-09,21.18,21.54,21.02,21.08,186172
8-Dec-09,21.24,21.36,21.04,21.04,203077
7-Dec-09,21.17,21.38,21.07,21.27,289146
4-Dec-09,21.69,21.75,21.30,21.44,431665
3-Dec-09,21.65,21.86,21.55,21.56,357766
2-Dec-09,21.53,21.83,21.53,21.78,445589
1-Dec-09,21.12,21.43,21.08,21.33,1011077
30-Nov-09,20.51,21.01,20.49,20.93,743231
27-Nov-09,20.21,20.52,20.10,20.47,161254
25-Nov-09,20.68,20.97,20.64,20.92,190491
24-Nov-09,20.60,20.68,20.44,20.59,185224
23-Nov-09,20.89,20.98,20.62,20.68,407377
20-Nov-09,20.38,20.68,20.35,20.68,189941
19-Nov-09,20.53,20.58,20.26,20.49,331727
18-Nov-09,20.84,20.95,20.60,20.74,304588
17-Nov-09,20.66,20.74,20.58,20.74,499443
16-Nov-09,20.06,20.67,20.06,20.61,302962
13-Nov-09,19.55,19.82,19.54,19.78,328559
12-Nov-09,19.83,19.83,19.60,19.64,412032
11-Nov-09,19.91,20.03,19.73,19.89,373253
10-Nov-09,19.69,19.84,19.66,19.77,451409
9-Nov-09,20.16,20.16,19.75,19.80,773406
6-Nov-09,19.75,19.89,19.55,19.75,253731
5-Nov-09,19.90,19.96,19.69,19.91,135639
4-Nov-09,19.98,20.12,19.86,19.96,714712
3-Nov-09,19.40,19.84,19.39,19.81,437337
2-Nov-09,19.56,19.89,19.41,19.83,1063627
30-Oct-09,20.00,20.00,19.47,19.52,316435
29-Oct-09,19.76,20.26,19.76,20.15,328743
28-Oct-09,20.09,20.16,19.50,19.55,676357
27-Oct-09,20.59,20.66,20.25,20.36,328242
26-Oct-09,20.65,20.88,20.30,20.35,645283
23-Oct-09,20.46,20.52,20.04,20.33,753024
22-Oct-09,20.02,20.26,19.95,20.19,545381
21-Oct-09,19.53,20.25,19.53,20.05,835984
20-Oct-09,19.69,19.74,19.34,19.50,638245
19-Oct-09,19.15,19.64,19.11,19.61,621757
16-Oct-09,18.77,19.00,18.65,18.88,249548
15-Oct-09,18.61,19.02,18.53,18.93,348196
14-Oct-09,18.80,18.98,18.63,18.89,370300
13-Oct-09,18.61,18.88,18.49,18.70,264572
12-Oct-09,19.03,19.22,19.03,19.14,314933
9-Oct-09,19.14,19.14,18.70,18.87,192896
8-Oct-09,18.60,19.20,18.53,19.13,416340
7-Oct-09,18.05,18.34,18.01,18.16,381938
6-Oct-09,17.97,18.21,17.93,17.93,376286
5-Oct-09,17.54,17.79,17.40,17.73,186222
2-Oct-09,17.64,17.79,17.44,17.54,267534
1-Oct-09,18.34,18.34,17.88,17.94,324324
30-Sep-09,18.27,18.40,18.07,18.28,714669
29-Sep-09,17.84,18.01,17.70,17.78,696428
28-Sep-09,17.72,17.81,17.55,17.64,482272
25-Sep-09,17.58,17.86,17.58,17.80,201344
24-Sep-09,18.07,18.13,17.58,17.61,483047
23-Sep-09,18.26,18.30,18.04,18.06,300529
22-Sep-09,18.48,18.55,18.35,18.52,337482
21-Sep-09,18.21,18.36,17.96,18.25,415339
18-Sep-09,18.79,18.79,18.21,18.31,307222
17-Sep-09,18.84,19.05,18.59,18.74,263670
16-Sep-09,18.37,18.81,18.37,18.79,406142
15-Sep-09,18.02,18.26,17.81,18.10,813548
14-Sep-09,18.10,18.10,17.68,17.94,342057
11-Sep-09,18.37,18.67,17.79,18.13,291364
10-Sep-09,18.35,18.70,18.05,18.35,308421
9-Sep-09,18.92,18.92,18.60,18.74,412154
8-Sep-09,18.72,19.10,18.71,18.92,789956
4-Sep-09,18.24,18.44,18.15,18.27,344411
3-Sep-09,17.70,18.32,17.70,18.19,210104
2-Sep-09,17.56,17.95,17.56,17.73,271122
1-Sep-09,18.03,18.49,17.73,17.86,279191
31-Aug-09,18.40,18.40,17.88,18.08,395974
28-Aug-09,18.44,18.58,18.37,18.52,264033
27-Aug-09,18.26,18.26,17.89,18.14,289409
26-Aug-09,18.18,18.25,18.00,18.25,388083
25-Aug-09,18.30,18.44,18.11,18.25,578016
24-Aug-09,18.39,18.50,18.12,18.34,423465
21-Aug-09,17.99,18.37,17.99,18.37,517463
20-Aug-09,17.84,17.94,17.50,17.66,198222
19-Aug-09,17.30,17.97,17.20,17.78,441073
18-Aug-09,17.76,17.99,17.71,17.88,570472
17-Aug-09,17.95,17.95,17.50,17.90,743182
14-Aug-09,18.74,18.74,18.17,18.26,412146
13-Aug-09,18.97,19.17,18.85,18.98,535465
12-Aug-09,17.92,18.48,17.81,18.30,537450
10-Aug-09,18.57,18.57,18.08,18.24,407283
7-Aug-09,18.41,18.65,18.21,18.51,415437
6-Aug-09,18.49,18.49,18.04,18.21,525323
5-Aug-09,18.72,18.97,18.52,18.76,1044740
4-Aug-09,18.08,18.48,17.88,18.24,1016884
3-Aug-09,17.90,18.27,17.90,18.27,737941
31-Jul-09,17.05,17.33,16.96,17.20,505939
30-Jul-09,16.67,16.97,16.43,16.96,583984
29-Jul-09,16.40,16.40,16.21,16.38,338483
28-Jul-09,16.89,16.91,16.49,16.79,422538
27-Jul-09,16.90,17.05,16.70,16.85,361792
24-Jul-09,16.66,16.74,16.50,16.60,253962
23-Jul-09,16.53,16.72,16.24,16.64,646058
22-Jul-09,16.22,16.60,16.17,16.58,335768
21-Jul-09,16.40,16.40,15.97,16.32,459770
20-Jul-09,16.27,16.32,16.00,16.32,590152
17-Jul-09,15.88,16.06,15.82,15.90,329121
16-Jul-09,15.46,15.60,15.34,15.58,185955
15-Jul-09,15.33,15.42,15.22,15.42,372932
14-Jul-09,14.76,14.90,14.66,14.80,170830
13-Jul-09,14.58,14.64,14.43,14.58,406672
10-Jul-09,14.62,14.77,14.35,14.71,270192
9-Jul-09,14.67,14.88,14.55,14.80,292997
8-Jul-09,14.83,14.90,14.36,14.43,1998280
7-Jul-09,15.21,15.27,14.82,14.83,1063695
6-Jul-09,15.04,15.21,14.90,15.21,554902
2-Jul-09,15.37,15.39,15.10,15.34,178254
1-Jul-09,15.55,15.70,15.46,15.56,258264
30-Jun-09,15.38,15.38,14.85,15.07,554227
29-Jun-09,15.57,15.58,15.33,15.41,502057
26-Jun-09,15.66,15.66,15.30,15.32,192527
25-Jun-09,15.42,15.80,15.42,15.76,365722
24-Jun-09,15.29,15.54,15.19,15.37,424850
23-Jun-09,14.81,14.98,14.66,14.85,662255
22-Jun-09,14.79,14.82,14.45,14.61,763166
19-Jun-09,15.36,15.51,15.21,15.24,270065
18-Jun-09,15.11,15.28,15.05,15.23,286295
17-Jun-09,15.04,15.30,14.97,15.19,383414
16-Jun-09,15.38,15.38,15.05,15.07,761448
15-Jun-09,15.59,15.62,15.21,15.33,1372404
12-Jun-09,16.12,16.19,15.84,16.02,625188
11-Jun-09,15.97,16.45,15.94,16.38,713619
10-Jun-09,15.79,15.85,15.65,15.78,456681
9-Jun-09,15.62,15.85,15.52,15.83,879728
8-Jun-09,15.21,15.33,15.10,15.27,508574
5-Jun-09,15.37,15.37,14.96,15.17,704935
4-Jun-09,14.84,15.44,14.73,15.44,844988
3-Jun-09,15.09,15.09,14.60,14.71,701939
2-Jun-09,15.00,15.16,14.92,15.03,1161306
1-Jun-09,14.90,15.31,14.90,15.30,827129
29-May-09,14.53,14.71,14.36,14.47,522185
28-May-09,14.04,14.26,13.95,14.22,330811
27-May-09,14.39,14.39,13.91,13.98,516753
26-May-09,14.47,14.47,14.00,14.40,384966
22-May-09,14.05,14.45,13.88,14.41,404251
21-May-09,13.98,14.02,13.79,13.96,451891
20-May-09,14.31,14.48,14.25,14.42,415787
19-May-09,14.52,14.55,14.30,14.42,346386
18-May-09,14.39,14.42,14.13,14.38,500311
15-May-09,14.28,14.29,13.99,14.10,297628
14-May-09,14.18,14.23,13.85,14.23,470763
13-May-09,14.64,14.64,14.07,14.12,399449
12-May-09,14.93,15.12,14.52,14.59,344674
11-May-09,14.49,14.70,14.09,14.62,421167
8-May-09,15.08,15.08,14.66,14.94,550564
7-May-09,15.23,15.23,14.80,14.99,684078
6-May-09,14.89,15.18,14.80,15.17,570120
5-May-09,14.52,14.59,14.19,14.45,739190
4-May-09,14.60,14.81,14.56,14.78,624169
1-May-09,14.21,14.53,14.17,14.49,425069
30-Apr-09,13.83,14.02,13.76,13.90,766697
29-Apr-09,13.44,13.75,13.40,13.70,354840
28-Apr-09,13.14,13.28,13.03,13.05,608927
27-Apr-09,13.25,13.51,13.23,13.32,473429
24-Apr-09,13.74,13.89,13.67,13.88,380129
23-Apr-09,13.92,13.95,13.42,13.69,764603
22-Apr-09,13.86,14.07,13.75,13.89,564519
21-Apr-09,13.70,14.05,13.38,13.96,770258
20-Apr-09,14.31,14.33,14.00,14.07,362173
17-Apr-09,14.67,14.87,14.62,14.83,314026
16-Apr-09,14.91,14.93,14.41,14.66,697351
15-Apr-09,14.46,14.90,14.32,14.89,338582
14-Apr-09,14.35,14.51,14.13,14.35,406643
13-Apr-09,14.38,14.62,14.27,14.57,590269
9-Apr-09,14.07,14.32,14.02,14.22,851143
8-Apr-09,13.72,13.80,13.63,13.75,573087
7-Apr-09,13.65,13.85,13.57,13.64,357678
6-Apr-09,13.70,13.71,13.47,13.64,791004
3-Apr-09,13.46,13.83,13.35,13.80,903832
2-Apr-09,13.24,13.39,13.16,13.36,908696
1-Apr-09,12.84,13.32,12.77,13.00,504710
31-Mar-09,12.91,13.19,12.89,13.19,660310
30-Mar-09,12.92,13.00,12.80,12.85,474566
27-Mar-09,13.06,13.34,13.00,13.15,258668
26-Mar-09,13.27,13.35,13.15,13.33,310934
25-Mar-09,12.96,13.02,12.62,12.90,561826
24-Mar-09,13.43,13.43,12.60,12.92,528844
23-Mar-09,13.30,13.40,12.89,13.28,462659
20-Mar-09,13.12,13.26,12.80,12.89,405935
19-Mar-09,12.82,13.14,12.67,13.13,1248456
18-Mar-09,12.16,12.76,12.03,12.50,297770
17-Mar-09,12.50,12.50,12.25,12.35,206456
16-Mar-09,12.31,12.52,12.21,12.50,218772
13-Mar-09,12.42,12.42,12.04,12.16,433021
12-Mar-09,11.98,12.17,11.96,12.17,236688
11-Mar-09,12.76,12.80,12.07,12.15,198996
10-Mar-09,12.36,12.48,12.25,12.46,464174
9-Mar-09,12.94,13.00,11.90,12.07,293083
6-Mar-09,12.42,12.54,12.10,12.21,173380
5-Mar-09,12.57,12.76,12.10,12.24,251098
4-Mar-09,12.02,12.49,11.70,12.49,197101
3-Mar-09,11.16,12.54,11.16,11.51,93680
2-Mar-09,11.61,11.61,11.16,11.25,159812
27-Feb-09,11.53,11.84,11.33,11.64,147155
26-Feb-09,11.43,11.87,11.43,11.64,47274
25-Feb-09,11.37,11.60,11.28,11.46,42283
24-Feb-09,11.13,11.32,11.02,11.23,80357
23-Feb-09,11.17,11.47,10.95,10.95,47146
20-Feb-09,11.24,11.24,10.90,11.08,85078
19-Feb-09,11.39,11.39,11.21,11.28,65264
18-Feb-09,11.19,11.25,10.96,11.13,87512
17-Feb-09,11.52,11.52,10.92,10.96,406255
13-Feb-09,11.83,11.94,11.70,11.83,107263
12-Feb-09,11.67,11.90,11.51,11.78,69818
11-Feb-09,12.34,12.34,11.71,11.97,36675
10-Feb-09,11.93,12.46,11.81,11.89,36063
9-Feb-09,12.27,12.33,12.16,12.18,156461
6-Feb-09,11.80,12.30,11.80,12.21,104268
5-Feb-09,11.70,11.72,11.60,11.70,35633
4-Feb-09,11.95,12.10,11.81,11.94,44729
3-Feb-09,11.44,11.81,11.44,11.74,80488
2-Feb-09,11.12,11.37,11.12,11.30,28089
30-Jan-09,11.28,11.31,11.01,11.21,46290
29-Jan-09,11.30,11.45,11.20,11.28,52274
28-Jan-09,11.81,12.01,11.47,11.57,45790
27-Jan-09,12.22,12.22,11.40,11.50,86919
26-Jan-09,11.86,12.17,11.78,11.89,92529
23-Jan-09,11.69,11.71,11.19,11.60,65987
22-Jan-09,11.34,11.40,11.00,11.09,79907
21-Jan-09,12.36,12.36,11.31,11.47,872443
20-Jan-09,12.37,12.37,11.91,12.09,113203
16-Jan-09,12.38,12.73,12.20,12.36,47637
15-Jan-09,12.02,12.38,12.00,12.07,28564
14-Jan-09,12.18,12.29,12.03,12.23,20808
13-Jan-09,12.13,12.67,12.07,12.49,14852
12-Jan-09,12.71,12.71,12.16,12.22,45202
9-Jan-09,11.94,12.87,11.94,12.73,41205
8-Jan-09,12.53,12.53,12.20,12.22,59823
7-Jan-09,13.24,13.24,12.52,12.58,124725
6-Jan-09,12.66,13.09,12.66,13.02,86635
5-Jan-09,12.38,12.59,12.38,12.45,28492
2-Jan-09,13.30,13.30,12.32,12.43,38185
31-Dec-08,11.43,12.12,11.43,11.91,69046
30-Dec-08,11.67,11.67,11.09,11.38,138978
29-Dec-08,11.32,11.85,11.32,11.40,33628
26-Dec-08,11.50,11.60,11.40,11.40,14318
24-Dec-08,11.94,11.94,11.31,11.52,23907
23-Dec-08,13.21,13.21,11.41,11.49,35089
22-Dec-08,11.80,11.80,11.65,11.75,39415
19-Dec-08,11.42,11.59,11.28,11.41,19724
18-Dec-08,11.42,11.42,11.04,11.09,35973
17-Dec-08,11.38,11.49,11.19,11.47,43802
16-Dec-08,11.47,11.73,11.18,11.61,42999
15-Dec-08,11.64,11.68,11.32,11.50,52218
12-Dec-08,11.69,11.91,11.55,11.88,40033
11-Dec-08,12.25,12.34,12.06,12.25,36510
10-Dec-08,12.14,12.28,11.99,12.14,39134
9-Dec-08,12.02,12.17,11.90,12.00,44254
8-Dec-08,12.06,12.41,12.06,12.20,28899
5-Dec-08,11.57,11.92,11.56,11.75,24706
4-Dec-08,12.52,12.66,12.28,12.39,48049
3-Dec-08,12.75,12.84,12.50,12.65,29511
2-Dec-08,12.91,13.14,12.91,13.09,102879
1-Dec-08,13.38,13.38,13.11,13.12,14971
28-Nov-08,13.64,13.80,13.32,13.76,33863
26-Nov-08,13.97,14.02,13.77,13.94,57124
25-Nov-08,13.96,13.96,13.56,13.58,76183
24-Nov-08,13.71,13.78,13.50,13.70,35433
21-Nov-08,13.50,13.53,12.89,12.89,160277
20-Nov-08,13.03,13.26,12.83,13.17,53721
19-Nov-08,13.73,13.78,13.50,13.56,17545
18-Nov-08,13.43,14.14,13.43,13.85,46296
17-Nov-08,13.81,13.81,13.60,13.66,15340
14-Nov-08,13.99,14.22,13.93,14.10,69644
13-Nov-08,13.57,13.95,13.57,13.88,21432
12-Nov-08,13.58,13.73,13.52,13.57,7223
11-Nov-08,13.74,13.95,13.50,13.54,18232
10-Nov-08,14.46,14.46,13.84,14.03,42592
7-Nov-08,13.96,13.96,13.68,13.72,16800
6-Nov-08,14.37,14.39,13.86,14.00,32400
5-Nov-08,14.82,14.99,14.53,14.58,16800
4-Nov-08,14.99,15.26,14.85,15.22,63900
3-Nov-08,14.37,14.79,14.20,14.79,26500
31-Oct-08,14.41,14.63,14.12,14.50,34900
30-Oct-08,15.10,15.10,14.43,14.62,23200
29-Oct-08,15.34,15.90,15.34,15.78,133200
28-Oct-08,14.60,14.85,14.31,14.76,44700
27-Oct-08,13.55,14.55,13.49,14.34,56600
24-Oct-08,13.63,14.00,13.58,13.58,112900
23-Oct-08,14.00,14.64,13.90,14.30,68500
22-Oct-08,14.44,14.65,14.00,14.01,88100
21-Oct-08,15.26,15.40,14.96,14.96,88800
20-Oct-08,16.07,16.07,15.54,15.59,45900
17-Oct-08,15.56,16.20,15.53,15.97,42300
16-Oct-08,15.91,16.03,15.31,15.45,81800
15-Oct-08,16.61,16.61,15.96,16.07,84300
14-Oct-08,17.96,17.98,16.98,16.98,101000
13-Oct-08,17.20,17.46,17.01,17.14,92200
10-Oct-08,15.75,16.67,15.54,15.96,172900
9-Oct-08,17.62,17.83,16.93,16.93,75100
8-Oct-08,17.66,17.77,17.09,17.32,60000
7-Oct-08,18.16,18.34,17.94,17.97,50100
6-Oct-08,18.06,18.13,17.14,17.57,229500
3-Oct-08,18.31,18.90,18.28,18.70,65200
2-Oct-08,19.35,19.35,18.31,18.37,93000
1-Oct-08,19.75,19.75,19.31,19.40,45600
30-Sep-08,19.71,20.06,19.67,19.67,39800
29-Sep-08,20.06,20.22,19.55,19.55,119000
26-Sep-08,20.80,20.88,20.70,20.70,21500
25-Sep-08,20.79,21.18,20.79,21.02,110500
24-Sep-08,20.95,21.19,20.80,20.85,37700
23-Sep-08,21.05,21.29,20.80,20.83,151500
22-Sep-08,21.33,21.73,21.33,21.69,173000
19-Sep-08,21.33,21.33,21.03,21.13,35100
18-Sep-08,20.72,20.77,20.43,20.61,74500
17-Sep-08,20.14,20.55,20.14,20.38,63700
16-Sep-08,20.52,20.80,20.37,20.50,141500
15-Sep-08,20.91,21.19,20.91,20.95,35900
12-Sep-08,21.51,22.00,21.51,21.87,41900
11-Sep-08,20.97,21.33,20.88,21.21,72300
10-Sep-08,21.23,21.29,20.86,21.08,55100
9-Sep-08,20.99,20.99,20.78,20.91,100600
8-Sep-08,21.33,21.50,21.08,21.09,119900
5-Sep-08,21.55,21.55,21.11,21.29,47000
4-Sep-08,22.31,22.40,21.85,21.98,43600
3-Sep-08,21.99,22.07,21.91,21.91,144300
2-Sep-08,22.03,22.03,21.62,21.86,75900
29-Aug-08,22.43,22.47,22.20,22.47,67600
28-Aug-08,22.82,22.82,22.34,22.43,82000
27-Aug-08,22.67,22.83,22.63,22.78,67200
26-Aug-08,22.52,22.63,22.31,22.41,238200
25-Aug-08,22.79,23.12,22.72,22.84,197100
22-Aug-08,22.93,22.93,22.51,22.59,37100
21-Aug-08,22.83,23.28,22.68,23.20,70200
20-Aug-08,22.45,22.49,22.04,22.06,26800
19-Aug-08,21.69,22.38,21.69,22.17,35700
18-Aug-08,21.67,21.88,21.56,21.76,25200
15-Aug-08,21.60,21.88,21.53,21.76,37400
14-Aug-08,21.77,22.94,21.40,21.40,37500
13-Aug-08,21.86,22.13,21.67,21.94,37200
12-Aug-08,21.85,22.00,21.24,21.33,72800
11-Aug-08,21.94,22.17,21.86,21.95,84600
8-Aug-08,22.20,22.30,21.72,21.72,45100
7-Aug-08,22.97,22.97,22.01,22.68,50300
6-Aug-08,23.02,23.15,22.38,23.15,21700
5-Aug-08,22.44,22.75,22.44,22.54,380600
4-Aug-08,23.14,23.14,22.59,22.71,81800
1-Aug-08,23.67,23.67,23.27,23.37,17100
31-Jul-08,23.83,24.07,23.79,23.88,14700
30-Jul-08,23.03,23.88,23.03,23.71,44100
29-Jul-08,23.42,23.71,23.06,23.54,28500
28-Jul-08,23.55,24.04,23.55,23.99,105200
25-Jul-08,23.45,23.69,23.36,23.69,40200
24-Jul-08,23.76,23.88,23.45,23.50,113700
23-Jul-08,23.94,24.13,23.77,23.98,19500
22-Jul-08,24.36,24.36,23.80,23.88,50700
21-Jul-08,23.72,24.13,23.46,24.13,50700
18-Jul-08,23.91,24.10,23.62,23.82,87000
17-Jul-08,24.10,24.43,24.10,24.33,55900
16-Jul-08,24.31,24.31,23.84,24.00,60700
15-Jul-08,24.60,24.93,24.40,24.55,77700
14-Jul-08,25.80,25.80,25.35,25.36,46200
11-Jul-08,25.43,25.96,25.43,25.61,76600
10-Jul-08,25.48,25.72,24.96,25.16,34700
9-Jul-08,24.00,24.80,24.00,24.64,59900
8-Jul-08,24.50,24.84,24.04,24.25,84300
7-Jul-08,24.99,25.35,24.94,25.21,37200
3-Jul-08,25.07,25.13,24.71,24.71,38200
2-Jul-08,24.93,25.65,24.88,25.53,356300
1-Jul-08,25.37,25.37,25.06,25.22,43300
30-Jun-08,24.68,25.11,24.68,25.01,59200
27-Jun-08,24.41,25.07,24.41,24.93,36700
26-Jun-08,24.70,25.05,24.70,24.95,81800
25-Jun-08,24.41,24.67,24.25,24.45,95500
24-Jun-08,24.46,24.77,24.46,24.60,12800
23-Jun-08,24.45,24.92,24.45,24.82,34600
20-Jun-08,24.79,25.09,24.76,25.04,67700
19-Jun-08,24.55,24.86,24.55,24.75,51500
18-Jun-08,24.70,24.88,24.60,24.83,58900
17-Jun-08,23.75,24.13,23.75,24.06,30400
16-Jun-08,24.28,24.31,23.82,23.98,62300
13-Jun-08,23.70,23.82,23.40,23.76,39800
12-Jun-08,23.91,23.91,23.30,23.62,27300
11-Jun-08,23.52,23.90,23.52,23.89,38400
10-Jun-08,23.65,23.86,23.59,23.70,27800
9-Jun-08,23.88,24.08,23.85,23.96,42000
6-Jun-08,24.13,24.17,23.76,23.97,48300
5-Jun-08,23.64,23.67,23.43,23.67,55400
4-Jun-08,23.60,23.78,23.45,23.62,306700
3-Jun-08,23.79,23.81,23.64,23.78,54600
2-Jun-08,23.70,24.00,23.70,23.79,121000
30-May-08,23.66,24.04,23.66,23.97,40800
29-May-08,24.00,24.00,23.61,23.63,145600
28-May-08,24.65,24.74,24.41,24.59,43100
27-May-08,25.13,25.13,24.71,24.79,54600
23-May-08,24.78,25.13,24.70,25.10,50000
22-May-08,25.29,25.29,24.55,24.73,50400
21-May-08,25.26,25.33,25.05,25.22,51400
20-May-08,25.97,25.97,25.23,25.40,55000
19-May-08,25.68,25.68,25.35,25.43,70200
16-May-08,25.46,25.99,25.46,25.96,110600
15-May-08,25.07,25.58,25.07,25.44,154500
14-May-08,25.31,25.31,24.93,25.05,46000
13-May-08,25.40,25.40,24.94,25.20,54900
12-May-08,24.79,24.91,24.48,24.75,79000
9-May-08,24.56,24.66,24.30,24.51,43700
8-May-08,24.62,24.92,24.62,24.75,24600
7-May-08,25.11,25.16,24.96,25.02,27200
6-May-08,25.29,25.50,25.28,25.40,16400
5-May-08,25.32,25.32,24.94,25.14,40900
2-May-08,24.43,24.99,24.43,24.90,130500
1-May-08,24.86,24.87,24.11,24.37,135700
30-Apr-08,25.04,25.36,25.00,25.21,148000
29-Apr-08,25.58,25.58,25.31,25.40,57900
28-Apr-08,25.50,25.92,25.50,25.77,44600
25-Apr-08,25.25,25.93,25.25,25.81,334200
24-Apr-08,25.40,25.85,25.39,25.66,66100
23-Apr-08,25.85,26.03,25.60,25.96,121100
22-Apr-08,25.69,26.17,25.69,26.10,56900
21-Apr-08,25.75,25.75,25.02,25.32,78600
18-Apr-08,26.05,26.05,25.50,26.00,67900
17-Apr-08,26.17,26.20,25.92,26.04,167700
16-Apr-08,26.27,26.47,26.03,26.12,123600
15-Apr-08,25.91,26.02,25.40,25.53,60600
14-Apr-08,25.81,25.87,25.61,25.74,58400
11-Apr-08,25.95,26.10,25.80,26.07,42800
10-Apr-08,26.38,26.38,25.81,25.99,102400
9-Apr-08,25.75,26.41,25.75,26.35,50000
8-Apr-08,25.71,25.73,25.45,25.55,60600
7-Apr-08,26.09,26.21,25.89,26.03,108800
4-Apr-08,25.53,25.94,25.31,25.93,52400
3-Apr-08,25.33,25.48,25.21,25.37,29300
2-Apr-08,24.87,25.63,24.87,25.57,61700
1-Apr-08,24.56,25.19,24.54,25.12,116700
31-Mar-08,25.21,25.48,25.17,25.21,30100
28-Mar-08,25.60,25.62,25.20,25.43,58000
27-Mar-08,25.20,25.98,25.20,25.89,78100
26-Mar-08,25.11,25.18,24.79,25.11,97600
25-Mar-08,25.09,25.09,24.72,24.82,78700
24-Mar-08,23.81,24.19,23.75,23.80,86100
20-Mar-08,24.01,24.16,22.51,23.69,294600
19-Mar-08,25.05,25.05,24.56,24.58,142000
18-Mar-08,25.49,25.82,25.02,25.02,647800
17-Mar-08,25.63,25.69,24.50,24.88,319700
14-Mar-08,26.53,26.91,26.17,26.47,69000
13-Mar-08,27.02,27.02,26.45,26.63,101800
12-Mar-08,26.39,26.77,26.09,26.71,75800
11-Mar-08,27.09,27.09,25.87,26.26,163700
10-Mar-08,26.50,26.59,24.80,26.05,405400
7-Mar-08,27.22,27.37,26.81,27.16,98400
6-Mar-08,27.94,27.96,27.05,27.73,374200
5-Mar-08,27.24,27.93,26.93,27.90,420600
4-Mar-08,27.69,27.69,26.61,26.96,227100
3-Mar-08,27.32,27.83,27.32,27.62,180700
29-Feb-08,27.31,27.31,26.68,26.90,195400
28-Feb-08,26.80,27.52,26.67,27.52,208200
27-Feb-08,26.49,27.20,26.49,27.14,458700
26-Feb-08,25.42,26.18,25.16,26.18,363100
25-Feb-08,25.49,25.54,25.08,25.54,157200
22-Feb-08,25.57,25.73,25.20,25.71,236400
21-Feb-08,25.42,25.99,25.29,25.99,283800
20-Feb-08,24.77,25.08,24.64,25.06,109300
19-Feb-08,24.30,25.29,24.30,25.29,178300
15-Feb-08,24.23,24.36,23.94,24.24,126300
14-Feb-08,24.53,24.56,23.96,24.05,67100
13-Feb-08,23.98,24.76,23.91,24.35,65100
12-Feb-08,24.02,24.37,24.02,24.37,83600
11-Feb-08,24.33,24.33,24.06,24.24,32900
8-Feb-08,24.15,24.48,23.63,24.29,114400
7-Feb-08,23.37,23.95,23.26,23.73,25700
6-Feb-08,23.41,23.55,23.29,23.50,103900
5-Feb-08,23.57,23.57,22.93,23.11,87600
4-Feb-08,23.71,23.96,23.54,23.91,82900
1-Feb-08,23.77,24.09,23.53,23.83,129300
31-Jan-08,23.37,24.25,23.36,24.25,148100
30-Jan-08,23.22,23.22,23.01,23.15,17700
29-Jan-08,23.31,23.44,23.00,23.43,39900
28-Jan-08,22.47,22.57,22.12,22.53,18300
25-Jan-08,22.53,22.59,22.30,22.40,24600
24-Jan-08,22.31,22.37,22.13,22.16,26400
23-Jan-08,21.92,22.14,21.60,21.70,207700
22-Jan-08,20.86,22.44,20.86,22.32,56300
18-Jan-08,22.38,22.69,22.18,22.65,68100
17-Jan-08,22.34,22.52,22.04,22.04,39700
16-Jan-08,22.58,22.58,22.10,22.14,28700
15-Jan-08,22.79,22.92,22.46,22.63,30100
14-Jan-08,22.98,23.48,22.98,23.28,45900
11-Jan-08,22.73,23.14,22.65,22.98,22800
10-Jan-08,22.93,23.23,22.68,23.16,32400
9-Jan-08,23.50,23.54,23.11,23.21,68900
8-Jan-08,23.20,23.81,23.20,23.75,72700
7-Jan-08,22.79,22.93,22.66,22.93,40200
4-Jan-08,23.19,23.19,22.77,22.82,103400
3-Jan-08,22.65,23.39,22.65,23.38,36800
2-Jan-08,22.20,22.51,22.08,22.30,22200
31-Dec-07,22.07,22.07,21.85,21.90,30200
28-Dec-07,22.42,22.47,21.32,22.21,51700
27-Dec-07,22.39,22.62,22.30,22.58,23600
26-Dec-07,22.55,22.55,22.25,22.30,25100
24-Dec-07,22.19,22.57,22.08,22.36,24500
21-Dec-07,22.14,22.41,22.10,22.23,17100
20-Dec-07,21.70,21.75,21.56,21.60,40900
19-Dec-07,21.59,21.76,21.52,21.61,50800
18-Dec-07,21.50,21.64,20.83,21.34,84300
17-Dec-07,21.87,21.87,21.19,21.51,67900
14-Dec-07,22.65,22.74,22.55,22.56,29000
13-Dec-07,23.12,23.12,22.69,22.82,21800
12-Dec-07,23.06,23.46,23.06,23.39,28500
11-Dec-07,23.41,23.49,23.27,23.31,22000
10-Dec-07,24.16,24.16,23.21,23.51,238800
7-Dec-07,23.40,23.91,23.38,23.88,210400
6-Dec-07,23.01,23.27,23.00,23.20,16300
5-Dec-07,23.20,23.33,23.09,23.31,20100
4-Dec-07,23.00,23.25,23.00,23.20,16500
3-Dec-07,23.84,23.87,23.38,23.56,68800
30-Nov-07,24.11,24.26,24.06,24.22,17400
29-Nov-07,23.72,23.85,23.57,23.70,16800
28-Nov-07,23.12,23.64,23.08,23.42,91500
27-Nov-07,22.91,23.12,22.86,22.99,42000
26-Nov-07,23.09,23.25,22.51,23.01,167500
23-Nov-07,22.51,22.89,22.51,22.72,9300
21-Nov-07,23.53,23.53,22.24,22.35,167100
20-Nov-07,23.24,23.43,23.07,23.39,40900
19-Nov-07,24.03,24.03,22.71,23.05,57800
16-Nov-07,24.21,24.21,23.88,24.12,18600
15-Nov-07,24.34,24.46,24.04,24.19,51900
14-Nov-07,24.64,25.26,24.64,25.16,85900
13-Nov-07,24.47,24.65,24.27,24.42,23100
12-Nov-07,24.60,24.60,24.15,24.25,26900
9-Nov-07,24.90,24.92,24.69,24.80,40400
8-Nov-07,25.12,25.28,24.99,25.13,43200
7-Nov-07,25.49,25.55,25.19,25.28,26900
6-Nov-07,25.59,25.79,25.53,25.75,30000
5-Nov-07,25.24,25.48,25.18,25.18,75000
2-Nov-07,25.49,25.64,25.27,25.46,23900
1-Nov-07,25.47,25.47,25.15,25.28,96100
31-Oct-07,25.78,25.83,25.57,25.57,35200
30-Oct-07,25.52,25.75,25.42,25.70,32400
29-Oct-07,26.01,26.04,25.77,25.95,19400
26-Oct-07,25.89,26.15,25.83,26.08,23800
25-Oct-07,25.87,25.87,25.60,25.73,24400
24-Oct-07,25.53,25.63,25.33,25.57,37300
23-Oct-07,26.01,26.04,25.71,25.97,15300
22-Oct-07,25.66,25.98,25.53,25.81,33100
19-Oct-07,26.30,26.32,25.90,26.11,17500
18-Oct-07,25.92,26.20,25.89,26.13,14200
17-Oct-07,26.20,26.27,25.85,26.01,29300
16-Oct-07,26.43,26.43,26.15,26.37,25000
15-Oct-07,26.90,26.90,26.55,26.75,17900
12-Oct-07,26.59,26.72,26.41,26.49,38200
11-Oct-07,26.59,26.70,26.25,26.49,20900
10-Oct-07,26.33,26.67,26.30,26.58,55400
9-Oct-07,25.82,26.07,25.80,25.91,25000
8-Oct-07,25.62,25.86,25.51,25.86,28700
5-Oct-07,26.46,26.46,26.29,26.40,16900
4-Oct-07,26.37,26.54,26.21,26.54,44500
3-Oct-07,26.87,26.90,26.64,26.80,15900
2-Oct-07,26.73,26.76,26.43,26.51,47500
1-Oct-07,26.39,26.69,26.31,26.68,27400
28-Sep-07,26.49,26.49,26.22,26.39,34000
27-Sep-07,26.45,26.51,26.25,26.49,19100
26-Sep-07,26.16,26.34,25.95,26.07,41000
25-Sep-07,25.72,25.98,25.57,25.88,36900
24-Sep-07,25.68,25.91,25.64,25.91,14900
21-Sep-07,25.74,25.81,25.37,25.57,29200
20-Sep-07,25.67,25.90,25.61,25.84,29800
19-Sep-07,26.05,26.20,25.85,26.05,65300
18-Sep-07,24.75,25.17,24.71,25.17,23600
17-Sep-07,24.95,24.97,24.61,24.84,49700
14-Sep-07,24.91,25.30,24.86,24.98,18800
13-Sep-07,24.95,25.28,24.94,25.26,17200
12-Sep-07,24.76,24.81,24.63,24.74,30800
11-Sep-07,24.67,25.02,24.57,25.02,15700
10-Sep-07,24.32,24.37,24.09,24.20,19500
7-Sep-07,24.59,24.63,24.20,24.52,27900
6-Sep-07,24.45,25.03,24.25,25.01,83100
5-Sep-07,24.90,24.90,24.42,24.46,38800
4-Sep-07,24.90,25.05,24.77,25.05,22900
31-Aug-07,26.00,26.00,25.66,25.93,7600
30-Aug-07,25.34,25.52,25.25,25.52,16700
29-Aug-07,25.30,25.55,25.00,25.45,15000
28-Aug-07,25.46,25.46,25.25,25.41,11700
27-Aug-07,25.91,26.02,25.73,25.91,12800
24-Aug-07,25.43,26.30,25.33,26.30,38900
23-Aug-07,25.57,25.68,25.51,25.58,22200
22-Aug-07,25.24,25.39,24.99,25.39,33600
21-Aug-07,24.74,24.80,24.57,24.67,10200
20-Aug-07,25.16,25.16,24.73,24.74,30100
17-Aug-07,25.03,25.05,24.71,24.93,29200
16-Aug-07,24.86,25.02,23.95,24.12,109900
15-Aug-07,25.75,25.88,25.60,25.85,46800
14-Aug-07,26.26,26.34,25.82,25.97,50500
13-Aug-07,26.37,26.53,26.30,26.45,8700
10-Aug-07,25.91,26.31,25.80,26.28,30500
9-Aug-07,26.31,26.43,26.18,26.43,44100
8-Aug-07,26.70,26.99,26.70,26.94,31400
7-Aug-07,26.91,27.14,26.91,27.00,16200
6-Aug-07,26.68,26.95,26.52,26.95,51800
3-Aug-07,27.13,27.24,26.71,26.91,134200
2-Aug-07,27.76,27.76,27.37,27.56,26800
1-Aug-07,27.54,27.73,27.28,27.71,28800
31-Jul-07,27.90,28.05,27.74,28.05,86900
30-Jul-07,27.48,27.70,27.34,27.64,49300
27-Jul-07,27.69,27.69,27.40,27.47,66300
26-Jul-07,27.64,27.71,27.28,27.54,24500
25-Jul-07,27.78,28.00,27.65,27.84,25100
24-Jul-07,28.62,28.62,28.26,28.26,36700
23-Jul-07,28.51,28.51,28.30,28.37,30800
20-Jul-07,28.40,28.74,28.40,28.73,128600
19-Jul-07,28.00,28.27,27.92,28.24,35600
18-Jul-07,27.29,27.60,27.25,27.60,13700
17-Jul-07,27.52,27.64,27.32,27.64,29800
16-Jul-07,27.50,27.64,27.34,27.36,27400
13-Jul-07,27.48,27.76,27.45,27.76,13800
12-Jul-07,27.80,27.97,27.51,27.62,45500
11-Jul-07,27.62,27.77,27.52,27.68,30200
10-Jul-07,27.30,27.46,27.17,27.46,17400
9-Jul-07,27.70,27.77,27.54,27.69,25400
6-Jul-07,27.49,27.70,27.38,27.67,64500
5-Jul-07,27.26,27.51,27.15,27.49,27700
3-Jul-07,26.95,27.14,26.81,27.04,12700
2-Jul-07,26.86,27.17,26.86,27.14,30700
29-Jun-07,26.54,26.61,26.37,26.58,31500
28-Jun-07,27.00,27.00,26.52,26.67,17100
27-Jun-07,25.98,26.22,25.77,26.22,28600
26-Jun-07,26.29,26.43,26.06,26.10,65800
25-Jun-07,26.18,26.70,26.17,26.68,20700
22-Jun-07,26.65,26.70,26.44,26.62,13700
21-Jun-07,26.83,26.85,26.38,26.67,35200
20-Jun-07,26.57,26.97,26.56,26.94,27200
19-Jun-07,26.59,26.74,26.45,26.65,66200
18-Jun-07,26.98,27.20,26.50,26.88,34900
15-Jun-07,26.75,27.05,26.57,26.95,76700
14-Jun-07,26.81,27.04,26.68,26.82,22500
13-Jun-07,26.33,26.53,26.23,26.51,19100
12-Jun-07,26.15,26.41,26.05,26.40,38200
11-Jun-07,26.58,26.74,26.44,26.73,67600
8-Jun-07,26.24,26.33,25.90,26.12,32700
7-Jun-07,26.70,26.89,26.50,26.72,34700
6-Jun-07,26.96,26.99,26.55,26.96,28100
5-Jun-07,27.15,27.39,27.09,27.28,31400
4-Jun-07,27.11,27.62,27.10,27.56,48700
1-Jun-07,27.19,27.25,26.86,26.86,65700
31-May-07,27.01,27.18,26.66,27.18,52000
30-May-07,26.14,26.55,26.14,26.52,31500
29-May-07,26.24,26.76,26.23,26.54,95600
25-May-07,26.52,26.89,26.35,26.81,21900
24-May-07,26.75,26.81,25.85,26.16,47100
23-May-07,26.97,26.97,26.51,26.84,39300
22-May-07,27.35,27.35,26.77,26.92,66800
21-May-07,27.05,27.52,27.00,27.48,67900
18-May-07,26.61,27.12,26.52,27.03,36000
17-May-07,26.52,26.83,25.95,26.83,84000
16-May-07,27.45,27.58,27.10,27.58,75200
15-May-07,27.70,27.93,27.32,27.91,73500
14-May-07,27.99,27.99,27.54,27.79,65700
11-May-07,28.32,28.56,28.20,28.46,44400
10-May-07,28.15,28.36,27.92,28.14,43100
9-May-07,28.51,28.82,28.43,28.71,65900
8-May-07,28.85,29.02,28.51,28.85,76400
7-May-07,29.06,29.20,28.78,28.86,87500
4-May-07,29.05,29.70,28.82,29.43,258200
3-May-07,28.23,28.77,28.11,28.77,118200
2-May-07,27.96,28.12,27.62,27.76,63000
1-May-07,27.55,28.14,27.54,27.95,27900
30-Apr-07,27.60,27.81,27.51,27.57,29500
27-Apr-07,27.23,27.62,27.19,27.62,26900
26-Apr-07,27.25,27.47,26.83,27.47,30600
25-Apr-07,27.60,27.81,27.35,27.81,12600
24-Apr-07,27.77,27.77,27.17,27.47,23100
23-Apr-07,27.50,28.00,27.43,27.77,16700
20-Apr-07,27.47,27.55,27.28,27.42,15900
19-Apr-07,27.11,27.29,26.60,27.23,37100
18-Apr-07,27.50,27.72,27.31,27.57,18100
17-Apr-07,27.18,27.96,27.07,27.87,31700
16-Apr-07,27.00,27.08,26.63,26.97,30300
13-Apr-07,26.52,26.59,26.26,26.59,36100
12-Apr-07,26.88,27.18,26.23,26.42,27900
11-Apr-07,27.15,27.16,26.72,26.93,47600
10-Apr-07,27.30,27.30,26.64,26.70,55600
9-Apr-07,26.73,27.07,26.41,27.07,44700
5-Apr-07,26.29,26.44,26.00,26.03,20200
4-Apr-07,25.66,26.41,25.66,26.21,38600
3-Apr-07,25.26,25.65,25.26,25.63,4600
2-Apr-07,24.70,24.85,24.43,24.85,5800
30-Mar-07,25.20,25.20,24.77,24.82,48300
29-Mar-07,24.82,24.94,24.69,24.90,37900
28-Mar-07,24.43,24.51,24.35,24.51,2100
27-Mar-07,24.89,24.89,24.21,24.48,23200
26-Mar-07,24.95,24.95,24.51,24.87,7200
23-Mar-07,24.70,24.70,24.34,24.56,8500
22-Mar-07,24.47,24.86,24.46,24.70,5000
21-Mar-07,24.35,24.47,24.14,24.18,11700
20-Mar-07,24.72,24.83,24.40,24.54,49100
19-Mar-07,24.32,24.78,24.32,24.50,30200
16-Mar-07,24.36,24.70,24.24,24.66,3500
15-Mar-07,24.35,24.78,24.35,24.62,12100
14-Mar-07,23.84,24.08,23.80,23.97,700
13-Mar-07,24.24,24.32,23.77,23.81,12200
12-Mar-07,24.15,24.46,23.89,24.46,800
9-Mar-07,24.19,24.19,23.84,23.84,5500
8-Mar-07,24.55,24.55,24.30,24.44,3700
7-Mar-07,24.00,24.24,24.00,24.24,3500
6-Mar-07,23.85,23.85,23.65,23.80,3700
5-Mar-07,23.01,23.50,22.71,23.24,10400
2-Mar-07,23.75,23.93,23.59,23.63,7800
1-Mar-07,24.46,24.61,24.29,24.43,12200
28-Feb-07,24.60,24.70,24.24,24.65,12700
27-Feb-07,24.70,25.05,24.58,24.70,35700
26-Feb-07,25.30,25.31,25.10,25.25,19300
23-Feb-07,25.15,25.38,25.05,25.22,22600
22-Feb-07,24.59,24.59,24.36,24.50,16100
21-Feb-07,23.49,24.70,23.44,23.72,22700
20-Feb-07,23.65,23.65,23.26,23.50,35500
16-Feb-07,23.86,24.00,23.74,23.94,44600
15-Feb-07,24.25,24.25,23.73,24.02,15200
14-Feb-07,23.48,23.76,23.40,23.55,21700
13-Feb-07,23.07,23.47,23.03,23.41,48100
12-Feb-07,22.70,22.77,22.21,22.52,14000
9-Feb-07,22.64,22.73,22.56,22.69,12800
8-Feb-07,22.07,22.49,22.07,22.40,37200
7-Feb-07,22.40,22.53,22.18,22.29,8600
6-Feb-07,22.55,22.79,22.49,22.73,35800
5-Feb-07,22.48,22.48,22.26,22.30,19500
2-Feb-07,22.40,22.40,21.93,22.30,37500
1-Feb-07,23.55,23.68,23.28,23.34,8500
31-Jan-07,23.25,23.61,23.18,23.59,3700
30-Jan-07,23.15,23.27,23.10,23.25,20900
29-Jan-07,23.45,23.45,23.10,23.29,34800
26-Jan-07,23.97,24.11,23.92,24.02,32200
25-Jan-07,24.35,24.41,24.24,24.33,28700
24-Jan-07,24.38,24.38,24.08,24.24,6900
23-Jan-07,24.20,24.45,24.11,24.20,23800
22-Jan-07,23.86,23.99,23.86,23.93,13800
19-Jan-07,23.36,23.61,23.36,23.60,16100
18-Jan-07,23.50,23.63,23.28,23.29,14700
17-Jan-07,23.40,23.53,23.15,23.53,3700
16-Jan-07,24.00,24.00,23.66,23.67,5300
12-Jan-07,24.45,24.45,24.02,24.12,8900
11-Jan-07,24.05,24.85,24.05,24.54,104500
10-Jan-07,23.55,24.22,23.55,24.22,10900
9-Jan-07,22.90,23.39,22.90,23.27,4700
8-Jan-07,34.11,34.11,23.39,23.39,10100
5-Jan-07,24.10,24.10,23.30,23.71,184600
